"fasta[, 1]",LISH27_10_NA_NA_Y_N_S10_R1_001.fastq.gz,LISH27_11_NA_NA_Y_N_S11_R1_001.fastq.gz,LISH27_12_LISH26_Combined_448_609_CoV_TOL_NA_Y_N_S12_R1_001.fastq.gz,LISH27_13_02_11_PRO_248_InfluenzaB_1_Y_N_S13_R1_001.fastq.gz,LISH27_14_02_11_PRO_248_InfluenzaB_2_Y_N_S14_R1_001.fastq.gz,LISH27_15_NTC_1_Y_N_S15_R1_001.fastq.gz,LISH27_16_02_11_PRO_472_CoronaNL63_1_Y_N_S16_R1_001.fastq.gz,LISH27_17_02_11_PRO_472_CoronaNL63_2_Y_N_S17_R1_001.fastq.gz,LISH27_18_NTC_2_Y_N_S18_R1_001.fastq.gz,LISH27_19_HM_COVID19_2-34e4_Molecules_1_Y_N_S19_R1_001.fastq.gz,LISH27_1_02_11_PRO_192_Adeno_CoronaHKU1_Rhino_Entero_1_Y_N_S1_R1_001.fastq.gz,LISH27_20_HM_COVID19_2-34e4_Molecules_2_Y_N_S20_R1_001.fastq.gz,LISH27_21_NTC_3_Y_N_S21_R1_001.fastq.gz,LISH27_22_NA_NA_Y_N_S22_R1_001.fastq.gz,LISH27_23_NA_NA_Y_N_S23_R1_001.fastq.gz,LISH27_24_LISH26_Combined_421_191_CoV_TOL_NA_Y_N_S24_R1_001.fastq.gz,LISH27_25_02_11_PRO_453_Corona229E_1_Y_N_S25_R1_001.fastq.gz,LISH27_26_02_11_PRO_453_Corona229E_2_Y_N_S26_R1_001.fastq.gz,LISH27_27_NA_NA_Y_N_S27_R1_001.fastq.gz,LISH27_28_02_11_PRO_497_InfluenzaAH1N1_Rhino_Entero_1_Y_N_S28_R1_001.fastq.gz,LISH27_29_02_11_PRO_497_InfluenzaAH1N1_Rhino_Entero_2_Y_N_S29_R1_001.fastq.gz,LISH27_2_02_11_PRO_192_Adeno_CoronaHKU1_Rhino_Entero_2_Y_N_S2_R1_001.fastq.gz,LISH27_30_NA_NA_Y_N_S30_R1_001.fastq.gz,LISH27_31_HM_COVID19_2-34e3_Molecules_1_Y_N_S31_R1_001.fastq.gz,LISH27_32_HM_COVID19_2-34e3_Molecules_2_Y_N_S32_R1_001.fastq.gz,LISH27_33_NA_NA_Y_N_S33_R1_001.fastq.gz,LISH27_34_NA_NA_Y_N_S34_R1_001.fastq.gz,LISH27_35_NA_NA_Y_N_S35_R1_001.fastq.gz,LISH27_36_NA_NA_Y_N_S36_R1_001.fastq.gz,LISH27_37_02_11_PRO_384_InfluenzaB_Rhino_Entero_1_Y_N_S37_R1_001.fastq.gz,LISH27_38_02_11_PRO_384_InfluenzaB_Rhino_Entero_2_Y_N_S38_R1_001.fastq.gz,LISH27_39_NA_NA_Y_N_S39_R1_001.fastq.gz,LISH27_3_NLC_02_11_PRO_192_Adeno_CoronaHKU1_Rhino_Entero_NA_Y_N_S3_R1_001.fastq.gz,LISH27_40_02_11_PRO_261_CoronaOC43_1_Y_N_S40_R1_001.fastq.gz,LISH27_41_02_11_PRO_261_CoronaOC43_2_Y_N_S41_R1_001.fastq.gz,LISH27_42_NA_NA_Y_N_S42_R1_001.fastq.gz,LISH27_43_HM_COVID19_2-34e2_Molecules_1_Y_N_S43_R1_001.fastq.gz,LISH27_44_HM_COVID19_2-34e2_Molecules_2_Y_N_S44_R1_001.fastq.gz,LISH27_45_NA_NA_Y_N_S45_R1_001.fastq.gz,LISH27_46_NA_NA_Y_N_S46_R1_001.fastq.gz,LISH27_47_NA_NA_Y_N_S47_R1_001.fastq.gz,LISH27_48_NA_NA_Y_N_S48_R1_001.fastq.gz,LISH27_49_02_11_PRO_609_Corona229E_1_Y_N_S49_R1_001.fastq.gz,LISH27_4_02_11_PRO_195_ND_1_Y_N_S4_R1_001.fastq.gz,LISH27_50_02_11_PRO_609_Corona229E_2_Y_N_S50_R1_001.fastq.gz,LISH27_51_NA_NA_Y_N_S51_R1_001.fastq.gz,LISH27_52_02_11_PRO_198_ND_1_Y_N_S52_R1_001.fastq.gz,LISH27_53_02_11_PRO_198_ND_2_Y_N_S53_R1_001.fastq.gz,LISH27_54_NA_NA_Y_N_S54_R1_001.fastq.gz,LISH27_55_HM_COVID19_2-34e1_Molecules_1_Y_N_S55_R1_001.fastq.gz,LISH27_56_HM_COVID19_2-34e1_Molecules_2_Y_N_S56_R1_001.fastq.gz,LISH27_57_NA_NA_Y_N_S57_R1_001.fastq.gz,LISH27_58_NA_NA_Y_N_S58_R1_001.fastq.gz,LISH27_59_NA_NA_Y_N_S59_R1_001.fastq.gz,LISH27_5_02_11_PRO_195_ND_2_Y_N_S5_R1_001.fastq.gz,LISH27_60_NA_NA_Y_N_S60_R1_001.fastq.gz,LISH27_61_02_11_PRO_448_InfluenzaAH1N1_1_Y_N_S61_R1_001.fastq.gz,LISH27_62_02_11_PRO_448_InfluenzaAH1N1_2_Y_N_S62_R1_001.fastq.gz,LISH27_63_NA_NA_Y_N_S63_R1_001.fastq.gz,LISH27_64_02_11_PRO_590_CoronaNL63_1_Y_N_S64_R1_001.fastq.gz,LISH27_65_02_11_PRO_590_CoronaNL63_2_Y_N_S65_R1_001.fastq.gz,LISH27_66_NA_NA_Y_N_S66_R1_001.fastq.gz,LISH27_67_HM_COVID19_2-34e0_Molecules_1_Y_N_S67_R1_001.fastq.gz,LISH27_68_HM_COVID19_2-34e0_Molecules_2_Y_N_S68_R1_001.fastq.gz,LISH27_69_NA_NA_Y_N_S69_R1_001.fastq.gz,LISH27_6_NLC_02_11_PRO_195_ND_NA_Y_N_S6_R1_001.fastq.gz,LISH27_70_NA_NA_Y_N_S70_R1_001.fastq.gz,LISH27_71_NA_NA_Y_N_S71_R1_001.fastq.gz,LISH27_72_NA_NA_Y_N_S72_R1_001.fastq.gz,LISH27_73_02_11_PRO_421_CoronaHKU1_1_Y_N_S73_R1_001.fastq.gz,LISH27_74_02_11_PRO_421_CoronaHKU1_2_Y_N_S74_R1_001.fastq.gz,LISH27_75_NA_NA_Y_N_S75_R1_001.fastq.gz,LISH27_76_02_11_PRO_483_InfluenzaAH3_1_Y_N_S76_R1_001.fastq.gz,LISH27_77_02_11_PRO_483_InfluenzaAH3_2_Y_N_S77_R1_001.fastq.gz,LISH27_78_NA_NA_Y_N_S78_R1_001.fastq.gz,LISH27_79_HM_COVID19_2-34eNEG1_Molecules_1_Y_N_S79_R1_001.fastq.gz,LISH27_7_HM_COVID19_2-34e5_Molecules_1_Y_N_S7_R1_001.fastq.gz,LISH27_80_HM_COVID19_2-34eNEG1_Molecules_2_Y_N_S80_R1_001.fastq.gz,LISH27_81_NA_NA_Y_N_S81_R1_001.fastq.gz,LISH27_82_NA_NA_Y_N_S82_R1_001.fastq.gz,LISH27_83_NA_NA_Y_N_S83_R1_001.fastq.gz,LISH27_84_NA_NA_Y_N_S84_R1_001.fastq.gz,LISH27_85_02_11_PRO_191_ND_1_Y_N_S85_R1_001.fastq.gz,LISH27_86_02_11_PRO_191_ND_2_Y_N_S86_R1_001.fastq.gz,LISH27_87_NA_NA_Y_N_S87_R1_001.fastq.gz,LISH27_88_02_11_PRO_444_CoronaOC43_1_Y_N_S88_R1_001.fastq.gz,LISH27_89_02_11_PRO_444_CoronaOC43_2_Y_N_S89_R1_001.fastq.gz,LISH27_8_HM_COVID19_2-34e5_Molecules_2_Y_N_S8_R1_001.fastq.gz,LISH27_90_NA_NA_Y_N_S90_R1_001.fastq.gz,LISH27_91_HM_COVID19_2-34e3_Molecules_BuffExchange_1_Y_N_S91_R1_001.fastq.gz,LISH27_92_HM_COVID19_2-34e3_Molecules_BuffExchange_2_Y_N_S92_R1_001.fastq.gz,LISH27_93_NA_NA_Y_N_S93_R1_001.fastq.gz,LISH27_94_NA_NA_Y_N_S94_R1_001.fastq.gz,LISH27_95_NA_NA_Y_N_S95_R1_001.fastq.gz,LISH27_96_NA_NA_Y_N_S96_R1_001.fastq.gz,LISH27_9_NLC_HM_COVID19_2-34e5_Molecules_NA_Y_N_S9_R1_001.fastq.gz,LISH28_10_02_11_PRO_261_CoronaOC43_NA_N_Y_S202_R1_001.fastq.gz,LISH28_10_02_11_PRO_261_CoronaOC43_NA_Y_N_S106_R1_001.fastq.gz,LISH28_11_NA_NA_N_Y_S203_R1_001.fastq.gz,LISH28_11_NA_NA_Y_N_S107_R1_001.fastq.gz,LISH28_12_NTC_1_N_Y_S204_R1_001.fastq.gz,LISH28_12_NTC_1_Y_N_S108_R1_001.fastq.gz,LISH28_13_HM36_1_N_Y_S205_R1_001.fastq.gz,LISH28_13_HM36_1_Y_N_S109_R1_001.fastq.gz,LISH28_14_HM36_2_N_Y_S206_R1_001.fastq.gz,LISH28_14_HM36_2_Y_N_S110_R1_001.fastq.gz,LISH28_15_HM44_NA_N_Y_S207_R1_001.fastq.gz,LISH28_15_HM44_NA_Y_N_S111_R1_001.fastq.gz,LISH28_16_HM52_NA_N_Y_S208_R1_001.fastq.gz,LISH28_16_HM52_NA_Y_N_S112_R1_001.fastq.gz,LISH28_17_HM60_NA_N_Y_S209_R1_001.fastq.gz,LISH28_17_HM60_NA_Y_N_S113_R1_001.fastq.gz,LISH28_18_HM68_NA_N_Y_S210_R1_001.fastq.gz,LISH28_18_HM68_NA_Y_N_S114_R1_001.fastq.gz,LISH28_19_HM76_NA_N_Y_S211_R1_001.fastq.gz,LISH28_19_HM76_NA_Y_N_S115_R1_001.fastq.gz,LISH28_1_HM35_1_N_Y_S193_R1_001.fastq.gz,LISH28_1_HM35_1_Y_N_S97_R1_001.fastq.gz,LISH28_20_HM84_NA_N_Y_S212_R1_001.fastq.gz,LISH28_20_HM84_NA_Y_N_S116_R1_001.fastq.gz,LISH28_21_NA_NA_N_Y_S213_R1_001.fastq.gz,LISH28_21_NA_NA_Y_N_S117_R1_001.fastq.gz,LISH28_22_02_11_PRO_198_ND_NA_N_Y_S214_R1_001.fastq.gz,LISH28_22_02_11_PRO_198_ND_NA_Y_N_S118_R1_001.fastq.gz,LISH28_23_NA_NA_N_Y_S215_R1_001.fastq.gz,LISH28_23_NA_NA_Y_N_S119_R1_001.fastq.gz,LISH28_24_NTC_2_N_Y_S216_R1_001.fastq.gz,LISH28_24_NTC_2_Y_N_S120_R1_001.fastq.gz,LISH28_25_HM37_1_N_Y_S217_R1_001.fastq.gz,LISH28_25_HM37_1_Y_N_S121_R1_001.fastq.gz,LISH28_26_HM37_2_N_Y_S218_R1_001.fastq.gz,LISH28_26_HM37_2_Y_N_S122_R1_001.fastq.gz,LISH28_27_HM45_NA_N_Y_S219_R1_001.fastq.gz,LISH28_27_HM45_NA_Y_N_S123_R1_001.fastq.gz,LISH28_28_HM53_NA_N_Y_S220_R1_001.fastq.gz,LISH28_28_HM53_NA_Y_N_S124_R1_001.fastq.gz,LISH28_29_HM61_NA_N_Y_S221_R1_001.fastq.gz,LISH28_29_HM61_NA_Y_N_S125_R1_001.fastq.gz,LISH28_2_HM35_2_N_Y_S194_R1_001.fastq.gz,LISH28_2_HM35_2_Y_N_S98_R1_001.fastq.gz,LISH28_30_HM69_NA_N_Y_S222_R1_001.fastq.gz,LISH28_30_HM69_NA_Y_N_S126_R1_001.fastq.gz,LISH28_31_HM77_NA_N_Y_S223_R1_001.fastq.gz,LISH28_31_HM77_NA_Y_N_S127_R1_001.fastq.gz,LISH28_32_NA_NA_N_Y_S224_R1_001.fastq.gz,LISH28_32_NA_NA_Y_N_S128_R1_001.fastq.gz,LISH28_33_NA_NA_N_Y_S225_R1_001.fastq.gz,LISH28_33_NA_NA_Y_N_S129_R1_001.fastq.gz,LISH28_34_HM_COVID19_2-34e3_Molecules_NA_N_Y_S226_R1_001.fastq.gz,LISH28_34_HM_COVID19_2-34e3_Molecules_NA_Y_N_S130_R1_001.fastq.gz,LISH28_35_NA_NA_N_Y_S227_R1_001.fastq.gz,LISH28_35_NA_NA_Y_N_S131_R1_001.fastq.gz,LISH28_36_NA_NA_N_Y_S228_R1_001.fastq.gz,LISH28_36_NA_NA_Y_N_S132_R1_001.fastq.gz,LISH28_37_HM38_1_N_Y_S229_R1_001.fastq.gz,LISH28_37_HM38_1_Y_N_S133_R1_001.fastq.gz,LISH28_38_HM38_2_N_Y_S230_R1_001.fastq.gz,LISH28_38_HM38_2_Y_N_S134_R1_001.fastq.gz,LISH28_39_HM46_NA_N_Y_S231_R1_001.fastq.gz,LISH28_39_HM46_NA_Y_N_S135_R1_001.fastq.gz,LISH28_3_HM43_NA_N_Y_S195_R1_001.fastq.gz,LISH28_3_HM43_NA_Y_N_S99_R1_001.fastq.gz,LISH28_40_HM54_NA_N_Y_S232_R1_001.fastq.gz,LISH28_40_HM54_NA_Y_N_S136_R1_001.fastq.gz,LISH28_41_HM62_NA_N_Y_S233_R1_001.fastq.gz,LISH28_41_HM62_NA_Y_N_S137_R1_001.fastq.gz,LISH28_42_HM70_NA_N_Y_S234_R1_001.fastq.gz,LISH28_42_HM70_NA_Y_N_S138_R1_001.fastq.gz,LISH28_43_HM78_NA_N_Y_S235_R1_001.fastq.gz,LISH28_43_HM78_NA_Y_N_S139_R1_001.fastq.gz,LISH28_44_NA_NA_N_Y_S236_R1_001.fastq.gz,LISH28_44_NA_NA_Y_N_S140_R1_001.fastq.gz,LISH28_45_NA_NA_N_Y_S237_R1_001.fastq.gz,LISH28_45_NA_NA_Y_N_S141_R1_001.fastq.gz,LISH28_46_NA_NA_N_Y_S238_R1_001.fastq.gz,LISH28_46_NA_NA_Y_N_S142_R1_001.fastq.gz,LISH28_47_NA_NA_N_Y_S239_R1_001.fastq.gz,LISH28_47_NA_NA_Y_N_S143_R1_001.fastq.gz,LISH28_48_NA_NA_N_Y_S240_R1_001.fastq.gz,LISH28_48_NA_NA_Y_N_S144_R1_001.fastq.gz,LISH28_49_HM39_1_N_Y_S241_R1_001.fastq.gz,LISH28_49_HM39_1_Y_N_S145_R1_001.fastq.gz,LISH28_4_HM50_NA_N_Y_S196_R1_001.fastq.gz,LISH28_4_HM50_NA_Y_N_S100_R1_001.fastq.gz,LISH28_50_HM39_2_N_Y_S242_R1_001.fastq.gz,LISH28_50_HM39_2_Y_N_S146_R1_001.fastq.gz,LISH28_51_HM47_NA_N_Y_S243_R1_001.fastq.gz,LISH28_51_HM47_NA_Y_N_S147_R1_001.fastq.gz,LISH28_52_HM55_NA_N_Y_S244_R1_001.fastq.gz,LISH28_52_HM55_NA_Y_N_S148_R1_001.fastq.gz,LISH28_53_HM63_NA_N_Y_S245_R1_001.fastq.gz,LISH28_53_HM63_NA_Y_N_S149_R1_001.fastq.gz,LISH28_54_HM71_NA_N_Y_S246_R1_001.fastq.gz,LISH28_54_HM71_NA_Y_N_S150_R1_001.fastq.gz,LISH28_55_HM79_NA_N_Y_S247_R1_001.fastq.gz,LISH28_55_HM79_NA_Y_N_S151_R1_001.fastq.gz,LISH28_56_NA_NA_N_Y_S248_R1_001.fastq.gz,LISH28_56_NA_NA_Y_N_S152_R1_001.fastq.gz,LISH28_57_NA_NA_N_Y_S249_R1_001.fastq.gz,LISH28_57_NA_NA_Y_N_S153_R1_001.fastq.gz,LISH28_58_NA_NA_N_Y_S250_R1_001.fastq.gz,LISH28_58_NA_NA_Y_N_S154_R1_001.fastq.gz,LISH28_59_NA_NA_N_Y_S251_R1_001.fastq.gz,LISH28_59_NA_NA_Y_N_S155_R1_001.fastq.gz,LISH28_5_HM59_NA_N_Y_S197_R1_001.fastq.gz,LISH28_5_HM59_NA_Y_N_S101_R1_001.fastq.gz,LISH28_60_NA_NA_N_Y_S252_R1_001.fastq.gz,LISH28_60_NA_NA_Y_N_S156_R1_001.fastq.gz,LISH28_61_HM40_1_N_Y_S253_R1_001.fastq.gz,LISH28_61_HM40_1_Y_N_S157_R1_001.fastq.gz,LISH28_62_HM40_2_N_Y_S254_R1_001.fastq.gz,LISH28_62_HM40_2_Y_N_S158_R1_001.fastq.gz,LISH28_63_HM48_NA_N_Y_S255_R1_001.fastq.gz,LISH28_63_HM48_NA_Y_N_S159_R1_001.fastq.gz,LISH28_64_HM56_NA_N_Y_S256_R1_001.fastq.gz,LISH28_64_HM56_NA_Y_N_S160_R1_001.fastq.gz,LISH28_65_HM65_NA_N_Y_S257_R1_001.fastq.gz,LISH28_65_HM65_NA_Y_N_S161_R1_001.fastq.gz,LISH28_66_HM72_NA_N_Y_S258_R1_001.fastq.gz,LISH28_66_HM72_NA_Y_N_S162_R1_001.fastq.gz,LISH28_67_HM80_NA_N_Y_S259_R1_001.fastq.gz,LISH28_67_HM80_NA_Y_N_S163_R1_001.fastq.gz,LISH28_68_NA_NA_N_Y_S260_R1_001.fastq.gz,LISH28_68_NA_NA_Y_N_S164_R1_001.fastq.gz,LISH28_69_NA_NA_N_Y_S261_R1_001.fastq.gz,LISH28_69_NA_NA_Y_N_S165_R1_001.fastq.gz,LISH28_6_HM67_NA_N_Y_S198_R1_001.fastq.gz,LISH28_6_HM67_NA_Y_N_S102_R1_001.fastq.gz,LISH28_70_NA_NA_N_Y_S262_R1_001.fastq.gz,LISH28_70_NA_NA_Y_N_S166_R1_001.fastq.gz,LISH28_71_NA_NA_N_Y_S263_R1_001.fastq.gz,LISH28_71_NA_NA_Y_N_S167_R1_001.fastq.gz,LISH28_72_NA_NA_N_Y_S264_R1_001.fastq.gz,LISH28_72_NA_NA_Y_N_S168_R1_001.fastq.gz,LISH28_73_HM41_1_N_Y_S265_R1_001.fastq.gz,LISH28_73_HM41_1_Y_N_S169_R1_001.fastq.gz,LISH28_74_HM41_2_N_Y_S266_R1_001.fastq.gz,LISH28_74_HM41_2_Y_N_S170_R1_001.fastq.gz,LISH28_75_HM49_NA_N_Y_S267_R1_001.fastq.gz,LISH28_75_HM49_NA_Y_N_S171_R1_001.fastq.gz,LISH28_76_HM57_NA_N_Y_S268_R1_001.fastq.gz,LISH28_76_HM57_NA_Y_N_S172_R1_001.fastq.gz,LISH28_77_HM64_NA_N_Y_S269_R1_001.fastq.gz,LISH28_77_HM64_NA_Y_N_S173_R1_001.fastq.gz,LISH28_78_HM73_NA_N_Y_S270_R1_001.fastq.gz,LISH28_78_HM73_NA_Y_N_S174_R1_001.fastq.gz,LISH28_79_HM81_NA_N_Y_S271_R1_001.fastq.gz,LISH28_79_HM81_NA_Y_N_S175_R1_001.fastq.gz,LISH28_7_HM75_NA_N_Y_S199_R1_001.fastq.gz,LISH28_7_HM75_NA_Y_N_S103_R1_001.fastq.gz,LISH28_80_NA_NA_N_Y_S272_R1_001.fastq.gz,LISH28_80_NA_NA_Y_N_S176_R1_001.fastq.gz,LISH28_81_NA_NA_N_Y_S273_R1_001.fastq.gz,LISH28_81_NA_NA_Y_N_S177_R1_001.fastq.gz,LISH28_82_NA_NA_N_Y_S274_R1_001.fastq.gz,LISH28_82_NA_NA_Y_N_S178_R1_001.fastq.gz,LISH28_83_NA_NA_N_Y_S275_R1_001.fastq.gz,LISH28_83_NA_NA_Y_N_S179_R1_001.fastq.gz,LISH28_84_NA_NA_N_Y_S276_R1_001.fastq.gz,LISH28_84_NA_NA_Y_N_S180_R1_001.fastq.gz,LISH28_85_HM42_1_N_Y_S277_R1_001.fastq.gz,LISH28_85_HM42_1_Y_N_S181_R1_001.fastq.gz,LISH28_86_HM42_2_N_Y_S278_R1_001.fastq.gz,LISH28_86_HM42_2_Y_N_S182_R1_001.fastq.gz,LISH28_87_HM51_NA_N_Y_S279_R1_001.fastq.gz,LISH28_87_HM51_NA_Y_N_S183_R1_001.fastq.gz,LISH28_88_HM58_NA_N_Y_S280_R1_001.fastq.gz,LISH28_88_HM58_NA_Y_N_S184_R1_001.fastq.gz,LISH28_89_HM66_NA_N_Y_S281_R1_001.fastq.gz,LISH28_89_HM66_NA_Y_N_S185_R1_001.fastq.gz,LISH28_8_HM83_NA_N_Y_S200_R1_001.fastq.gz,LISH28_8_HM83_NA_Y_N_S104_R1_001.fastq.gz,LISH28_90_HM74_NA_N_Y_S282_R1_001.fastq.gz,LISH28_90_HM74_NA_Y_N_S186_R1_001.fastq.gz,LISH28_91_HM82_NA_N_Y_S283_R1_001.fastq.gz,LISH28_91_HM82_NA_Y_N_S187_R1_001.fastq.gz,LISH28_92_NA_NA_N_Y_S284_R1_001.fastq.gz,LISH28_92_NA_NA_Y_N_S188_R1_001.fastq.gz,LISH28_93_NA_NA_N_Y_S285_R1_001.fastq.gz,LISH28_93_NA_NA_Y_N_S189_R1_001.fastq.gz,LISH28_94_NA_NA_N_Y_S286_R1_001.fastq.gz,LISH28_94_NA_NA_Y_N_S190_R1_001.fastq.gz,LISH28_95_NA_NA_N_Y_S287_R1_001.fastq.gz,LISH28_95_NA_NA_Y_N_S191_R1_001.fastq.gz,LISH28_96_NA_NA_N_Y_S288_R1_001.fastq.gz,LISH28_96_NA_NA_Y_N_S192_R1_001.fastq.gz,LISH28_9_NA_NA_N_Y_S201_R1_001.fastq.gz,LISH28_9_NA_NA_Y_N_S105_R1_001.fastq.gz
CA_18804_P13L,0,0,0,0,0,0,0,0,0,0,0,0,0,0,0,0,0,0,0,0,0,0,0,0,0,0,0,0,0,0,0,0,0,0,0,0,0,0,0,0,0,0,0,0,0,0,0,0,0,0,0,0,0,0,0,0,0,0,0,0,0,0,0,0,0,0,0,0,0,0,0,0,0,0,0,0,0,0,0,0,0,0,0,0,0,0,0,0,0,0,0,0,0,0,0,0,0,0,0,0,0,0,0,0,0,0,0,0,0,0,0,0,0,0,0,0,0,0,0,0,0,0,0,0,0,0,0,0,0,0,0,0,0,0,0,0,0,0,0,0,0,0,0,0,0,0,0,0,0,0,0,0,0,0,0,0,0,0,0,0,0,0,0,0,0,0,0,0,0,0,0,0,0,0,0,0,0,0,0,0,0,0,0,0,0,0,0,0,0,0,0,0,0,0,0,0,0,0,0,0,0,0,0,0,0,0,0,0,0,0,0,0,0,0,0,0,0,0,0,0,0,0,0,0,0,0,0,0,0,0,0,0,0,0,0,0,0,0,0,0,0,0,0,0,0,0,0,0,0,0,0,0,0,0,0,0,0,0,0,0,0,0,0,0,0,0,0,0,0,0,0,0,0,0,0,0,0,0,0,0,0,0,0,0,0,0,0,0
CA_18804_P8L,0,0,54,0,0,0,0,0,0,0,0,0,0,0,0,7,0,0,0,0,0,0,0,0,0,0,0,0,0,0,0,0,0,0,0,0,0,0,0,0,0,0,0,0,0,0,0,0,0,0,0,0,0,0,0,0,0,0,0,0,0,0,0,0,0,0,0,0,0,0,0,0,0,0,0,0,0,0,0,0,0,0,0,0,0,0,0,0,0,0,0,0,0,0,0,0,0,0,0,0,0,0,0,0,0,0,0,0,0,0,0,0,0,0,0,0,0,0,0,0,0,0,0,0,0,0,0,0,0,0,0,0,0,0,0,0,0,0,0,0,0,0,0,0,0,0,0,0,0,0,0,0,0,0,0,0,0,0,0,0,0,0,0,0,0,0,0,0,0,0,0,0,0,0,0,0,0,0,0,0,0,0,0,0,0,0,0,0,0,0,0,0,0,0,0,0,0,0,0,0,0,0,0,0,0,0,0,0,0,0,0,0,0,0,0,0,0,0,0,0,0,0,0,0,0,0,0,0,0,0,0,0,0,0,0,0,0,0,0,0,0,0,0,0,0,0,0,0,0,0,0,0,0,0,0,0,0,0,0,0,0,0,0,0,0,0,0,0,0,0,0,0,0,0,0,0,0,0,0,0,0,0,0,0,0,0,0,0
CN_32045_P7L,0,0,0,0,0,0,0,0,0,0,0,0,0,0,0,0,0,0,0,0,0,0,0,0,0,0,0,0,0,0,0,0,0,0,0,0,0,0,0,0,0,0,0,0,0,0,0,0,0,0,0,0,0,0,0,0,0,0,0,0,0,0,0,0,0,0,0,0,0,0,0,0,0,0,0,0,0,0,0,0,0,0,0,0,0,0,0,0,0,0,0,0,0,0,0,0,0,0,0,0,0,0,0,0,0,0,0,0,0,0,0,0,0,0,0,0,0,0,0,0,0,0,0,0,0,0,0,0,0,0,0,0,0,0,0,0,0,0,0,0,0,0,0,0,0,0,0,0,0,0,0,0,0,0,0,0,0,0,0,0,0,0,0,0,0,0,0,0,0,0,0,0,0,0,0,0,0,0,0,0,0,0,0,0,0,0,0,0,0,0,0,0,0,0,0,0,0,0,0,0,0,0,0,0,0,0,0,0,0,0,0,0,0,0,0,0,0,0,0,0,0,0,0,0,0,0,0,0,0,0,0,0,0,0,0,0,0,0,0,0,0,0,0,0,0,0,0,0,0,0,0,0,0,0,0,0,0,0,0,0,0,0,0,0,0,0,0,0,0,0,0,0,0,0,0,0,0,0,0,0,0,0,0,0,0,0,0,0
SA_25923_P5L,0,0,1984,0,0,0,0,0,0,0,0,0,0,0,0,433,0,1,0,0,0,0,0,1,4,0,0,0,8,0,0,0,0,0,0,0,0,0,0,0,0,0,0,0,0,0,0,0,0,0,0,0,0,0,0,0,0,0,0,0,0,0,0,0,0,0,0,0,0,0,0,0,0,0,0,0,0,0,0,0,0,0,0,0,0,0,0,0,0,0,0,0,0,0,0,0,0,0,0,0,0,0,0,0,0,0,0,0,0,0,0,0,0,0,0,0,0,0,0,0,0,0,0,0,0,0,0,0,0,0,0,0,0,0,0,0,0,0,0,0,0,0,0,0,0,0,0,0,0,0,0,0,0,0,0,0,0,0,0,0,0,0,0,0,0,171,0,0,0,0,0,0,0,0,0,0,0,0,0,0,0,0,0,0,0,0,0,0,0,0,0,0,0,0,0,0,0,0,0,0,0,0,0,0,0,0,0,0,0,0,0,0,0,0,0,0,0,0,0,0,0,0,0,0,0,0,0,0,0,0,0,0,0,0,0,0,0,0,0,0,0,0,0,0,0,0,0,0,0,0,0,0,0,0,0,0,0,0,0,0,0,0,0,0,0,0,0,0,0,0,0,0,0,0,0,0,0,0,0,1,0,0,0,0,0,0,0,0
HI_10211_P33L,2,0,0,1,1,2,1,5,0,1,1,1,2,3,0,352543,1,2,0,5,2,22,25,11,1,0,2,0,0,2,1,0,5,0,4,2,1,1,0,0,0,0,1,1,3,2,9,0,1,1,1,0,0,0,0,0,0,2,1,2,1,1,0,0,0,0,1,0,1,2,1,0,0,0,1,17,2,0,0,0,0,1,1,0,1,2,1,8,5,1,0,0,0,0,0,0,0,0,0,0,0,0,0,0,0,17,6,132,0,439,3,0,0,5,0,0,9,129,0,0,0,0,8,0,0,0,37,37,0,5,0,57,4,0,0,0,0,46,0,0,1,0,0,0,0,0,0,0,0,1138,0,0,0,0,0,37,0,0,0,0,0,47,0,80,0,508,0,0,0,0,0,0,0,0,0,0,0,0,0,0,0,7,0,0,0,271,0,0,0,0,0,0,0,0,0,0,0,0,0,0,0,0,0,0,0,97,0,0,0,0,0,0,0,274,0,0,0,191,0,0,0,0,0,0,0,0,0,0,0,0,0,0,0,0,0,21,0,0,0,17,0,0,0,232,2,0,3,290,0,0,0,0,0,0,0,0,0,0,0,0,0,0,1,1,0,108,5,0,0,0,0,0,0,0,0,0,0,0,0,0,0,0,0,0,0,0,0,0
HI_10211_P42L,0,0,9459,0,0,0,0,0,0,0,0,0,0,2,0,120163,2,1,0,0,0,6,4,7,13,0,0,0,35,0,0,2,0,1,1,0,0,0,0,0,0,0,0,1,0,0,2,1,1,1,0,0,0,0,0,1,1,0,1,0,0,0,0,0,0,0,0,0,0,1,0,2,1,0,1,8,1,1,0,0,0,1,1,0,0,0,0,4,0,0,0,0,0,0,0,3,0,383,0,0,33,0,0,0,0,0,0,0,3,428,0,0,0,0,0,0,0,0,0,0,0,0,0,0,0,0,9,8,0,0,0,0,0,0,0,0,0,0,0,0,2,0,0,0,0,0,0,0,0,0,0,0,0,0,0,0,3,0,0,0,0,0,0,0,0,0,0,0,0,0,0,0,0,0,0,0,0,0,0,0,0,0,0,0,0,0,0,0,0,0,0,0,0,0,4,0,0,0,0,0,0,0,0,0,0,0,0,0,0,0,0,0,0,0,0,0,0,0,0,0,0,518,0,0,0,0,0,0,0,0,0,0,0,0,0,0,0,0,0,0,0,16,0,0,0,0,0,0,0,0,0,0,0,0,0,0,0,0,0,0,0,12,0,0,0,0,0,0,0,29,0,0,0,0,0,0,0,0,0,0,0,0,0,0,0,0,0,0
HI_10211_P5L,0,0,372,0,1,0,0,0,0,0,3,0,0,0,0,230491,2,2,0,0,1,16,12,9,3,0,1,0,3,0,0,1,0,4,4,1,0,0,0,0,0,0,2,0,0,1,4,1,0,1,0,0,0,0,0,0,0,1,1,1,0,1,3,1,0,0,0,0,0,1,1,0,1,1,2,10,1,0,0,0,0,0,1,1,0,0,0,3,0,0,0,0,0,0,0,2,0,0,0,0,0,190,0,1,0,0,0,0,0,0,0,0,1,0,0,0,0,1,0,0,0,0,0,270,0,0,12,7,0,23,0,0,0,0,0,225,3,0,0,0,3,0,0,0,0,0,0,0,0,0,0,0,0,1,0,48,1,203,0,24,0,2,0,0,0,315,0,0,0,0,0,0,0,0,0,0,0,0,0,0,1,112,0,21,0,0,1,0,0,0,1,508,0,994,0,0,0,0,0,0,0,0,0,0,0,241,0,0,0,0,0,0,0,34,0,0,0,0,0,175,0,0,0,0,0,0,0,0,0,0,0,0,0,0,0,9,0,0,0,10,0,0,0,0,0,0,0,403,0,0,0,0,0,0,0,0,0,0,0,0,0,0,0,0,0,97,0,195,0,0,0,0,0,0,0,0,0,0,0,0,0,0,0,0,0,0,0,0
PA_10145_P28L,0,0,198,0,0,0,1,0,0,1,0,0,0,0,0,8603,0,0,0,0,0,0,0,0,0,0,0,0,2,0,0,0,0,0,0,0,0,0,0,0,0,0,0,0,0,0,0,0,0,0,0,0,0,0,1,0,0,0,0,0,0,0,0,0,0,0,0,0,0,0,0,0,0,0,0,0,0,0,0,0,0,0,0,0,0,0,0,0,0,0,0,0,0,0,0,0,0,0,0,0,0,0,0,0,0,0,0,0,0,0,0,0,1,0,0,0,0,0,0,0,0,0,0,0,0,0,0,0,0,0,0,0,0,0,0,0,0,0,0,0,0,0,0,0,0,0,0,0,0,0,0,0,0,0,0,0,0,0,0,0,0,0,0,0,0,0,0,0,0,0,0,0,0,0,0,0,0,0,0,0,0,0,0,0,0,0,0,0,0,0,0,0,0,0,0,0,0,0,0,0,0,0,0,0,0,0,0,0,0,0,0,0,0,0,0,0,0,0,0,0,0,0,0,0,0,0,0,0,0,0,0,0,0,0,0,0,0,0,0,7,0,0,0,0,0,0,0,0,0,0,0,0,0,0,0,0,0,0,0,0,0,0,0,0,0,0,0,0,0,0,0,0,0,0,0,0,0,0,0,0,0,0,0,0,0,0,0,0
PA_10145_P17L,0,0,178,0,0,0,0,2,0,1,0,0,1,0,0,177440,0,0,0,0,0,9,7,6,0,0,0,0,0,0,1,0,0,5,3,0,0,0,0,0,0,0,3,0,1,2,2,2,0,2,1,0,0,0,1,1,0,0,0,1,1,1,0,0,0,1,0,0,0,0,0,0,0,1,0,17,2,0,0,0,0,2,1,1,0,0,0,3,4,1,0,1,0,0,0,0,0,0,0,0,25,406,0,0,0,0,0,0,0,0,0,0,0,0,1,0,0,387,0,0,0,0,0,0,0,0,9,1217,0,0,0,68,0,0,0,0,7,0,0,0,0,0,0,0,0,1,0,0,0,1289,0,0,0,1,0,49,0,0,0,0,0,0,0,0,0,0,0,0,0,0,0,0,0,0,0,0,0,0,0,0,0,0,0,55,0,0,0,0,0,0,1,676,1,0,0,0,0,0,0,0,0,0,0,0,0,550,0,0,1,0,0,0,0,0,0,0,0,0,0,0,0,0,0,0,0,0,0,0,0,0,0,0,0,0,0,0,0,0,0,0,5,0,0,0,0,0,1,0,0,0,0,0,0,0,0,0,0,0,0,0,0,0,0,0,0,0,0,0,2,0,0,212,0,0,0,0,0,0,0,0,0,0,0,0,0,0,0,0
PA_10145_P11L,2,0,204,1,0,0,0,1,0,0,1,0,1,1,0,125861,1,1,0,0,2,6,6,3,2,0,0,0,1,0,0,0,0,1,1,0,1,0,0,0,1,0,1,0,0,0,2,0,1,1,0,0,0,0,0,0,0,0,0,0,2,1,1,0,0,0,0,0,0,0,0,0,0,0,0,9,1,0,0,0,0,1,0,0,0,0,1,3,0,0,0,0,0,0,0,1,10,1031,0,0,0,0,0,0,0,0,0,60,0,0,0,0,0,0,0,0,0,0,0,0,0,0,0,0,0,0,11,9,0,0,0,0,0,0,0,0,6,0,1,0,0,0,0,0,0,0,0,0,0,0,0,0,0,0,0,0,0,0,0,0,4,0,0,0,0,0,0,0,1,0,0,0,0,0,0,0,0,0,0,0,0,0,0,0,0,0,0,83,0,0,0,0,0,403,0,0,0,0,0,0,0,0,0,0,0,0,0,0,2,0,0,0,1,0,0,0,0,0,0,0,0,540,0,0,0,0,0,0,0,0,0,0,0,0,0,0,0,0,0,0,0,0,0,0,0,0,0,0,0,0,0,0,0,0,0,1,0,0,0,0,0,22,0,0,0,0,0,0,0,0,0,0,0,0,0,0,0,0,0,1,0,0,0,0,0,0,0,0
MS_14468_P24L,0,0,195,0,0,0,0,0,0,0,0,0,0,0,0,6,0,0,0,0,0,0,0,0,0,0,0,0,0,0,0,0,0,0,0,0,0,0,0,0,0,0,0,0,0,0,0,0,0,0,0,0,0,0,0,0,0,0,0,0,0,0,0,0,0,0,0,0,0,0,0,0,0,0,0,0,0,0,0,0,0,0,0,0,0,0,0,0,0,0,0,0,0,0,0,0,0,0,0,0,0,0,0,0,0,0,0,0,0,0,0,0,0,0,0,0,0,0,0,0,0,0,0,0,0,0,0,0,0,0,0,0,0,0,0,0,0,0,0,0,0,0,0,0,0,0,0,0,0,0,0,0,0,0,0,0,0,0,0,0,0,0,0,0,0,0,0,0,0,0,0,0,0,0,0,0,0,0,0,0,0,0,0,0,0,0,0,0,0,0,0,0,0,0,0,0,0,0,0,0,0,0,0,0,0,0,0,0,0,0,0,0,0,0,0,0,0,0,0,0,0,0,0,0,0,0,0,0,0,0,0,0,0,0,0,0,0,0,0,0,0,0,0,0,0,0,0,0,0,0,0,0,0,0,0,0,0,0,0,0,0,0,0,0,0,0,0,0,0,0,0,0,0,0,0,0,0,0,0,0,0,0,0,0,0,0,0,0
MS_14468_P34L,0,0,1367,0,0,0,0,0,0,0,0,0,0,0,0,3734,0,0,0,0,0,0,0,0,2,0,0,0,0,0,0,0,0,0,0,0,0,0,0,0,0,0,0,0,0,0,0,0,0,0,0,0,0,0,0,0,0,0,0,0,0,0,0,0,0,0,0,0,0,0,0,0,0,0,0,0,0,0,0,0,0,0,0,0,0,0,0,0,0,0,0,0,0,0,0,0,0,0,0,0,0,0,0,0,0,0,0,0,0,0,0,0,0,0,0,0,0,0,0,0,0,0,0,0,0,0,0,0,0,0,0,0,0,0,0,0,0,0,0,0,0,0,0,0,0,0,0,0,0,0,0,0,0,0,0,0,0,0,0,0,1,0,0,0,0,0,0,0,0,0,0,0,0,0,0,0,0,0,0,0,0,0,0,0,0,0,0,0,0,0,0,0,0,0,0,0,0,0,0,0,0,0,0,0,0,0,0,0,0,0,0,0,0,0,0,0,0,0,0,0,0,0,0,0,0,0,0,0,0,0,0,0,0,0,0,0,0,0,0,0,0,0,0,0,0,0,0,0,0,0,0,0,0,0,0,0,0,0,0,0,0,0,0,0,0,0,0,0,0,0,0,0,0,0,0,0,0,0,0,0,0,0,0,0,0,0,0,0
MS_14468_P8L,0,0,5939,0,0,0,0,0,0,0,0,0,0,0,0,3423,0,1,0,0,0,0,0,0,7,0,0,0,18,0,0,0,0,0,1,0,0,0,0,0,0,0,0,0,0,0,0,0,0,0,0,0,0,0,0,0,1,0,0,0,0,0,0,0,0,0,0,0,0,0,0,0,1,0,0,0,0,0,0,0,0,0,0,0,0,0,0,0,0,0,0,0,0,0,0,0,0,0,0,0,1,0,0,0,0,0,0,0,0,0,0,0,0,0,0,0,0,0,0,0,0,0,0,0,0,0,0,0,0,0,0,0,0,0,0,0,0,52,0,0,0,0,0,0,0,0,0,0,0,0,0,0,0,0,0,0,0,0,0,0,0,0,0,0,0,0,0,0,0,0,0,0,0,0,0,0,0,0,0,0,0,0,0,0,0,0,0,0,0,0,0,0,0,0,0,0,0,0,0,0,0,0,0,0,0,0,0,0,0,0,0,11,0,0,0,0,0,0,0,0,0,0,0,0,0,0,0,0,0,0,0,0,0,0,0,0,0,0,0,0,0,0,0,0,0,54,0,0,0,0,0,0,0,0,0,0,0,0,0,0,0,0,0,0,0,0,0,0,0,0,0,16,0,0,0,0,0,0,0,0,0,0,0,0,0,0,0,0
CMV_VR538_P64L,0,0,0,0,0,0,0,0,0,0,0,0,0,0,0,1,0,0,0,0,0,0,0,0,0,0,0,0,0,0,0,0,0,0,0,0,0,0,0,0,0,0,0,0,0,0,0,0,0,0,0,0,0,0,0,0,0,0,0,0,0,0,0,0,0,0,0,0,0,0,0,0,0,0,0,0,0,0,0,0,0,0,0,0,0,0,0,0,0,0,0,0,0,0,0,0,0,0,0,0,0,0,0,0,0,0,0,0,0,0,0,0,0,0,0,0,0,0,0,0,0,0,0,0,0,0,0,0,0,0,0,0,0,0,0,0,0,0,0,0,0,0,0,0,0,0,0,0,0,0,0,0,0,0,0,0,0,0,0,0,0,0,0,0,0,0,0,0,0,0,0,0,0,0,0,0,0,0,0,0,0,0,0,0,0,0,0,0,0,0,0,0,0,0,0,0,0,0,0,0,0,0,0,0,0,0,0,0,0,0,0,0,0,0,0,0,0,0,0,0,0,0,0,0,0,0,0,0,0,0,0,0,0,0,0,0,0,0,0,0,0,0,0,0,0,0,0,0,0,0,0,0,0,0,0,0,0,0,0,0,0,0,0,0,0,0,0,0,0,0,0,0,0,0,0,0,0,0,0,0,0,0,0,0,0,0,0,0
CMV_VR538_P61L,0,0,0,0,0,0,0,0,0,0,0,0,0,0,0,0,0,0,0,0,0,0,0,0,0,0,0,0,0,0,0,0,0,0,0,0,0,0,0,0,0,0,0,0,0,0,0,0,0,0,0,0,0,0,0,0,0,0,0,0,0,0,0,0,0,0,0,0,0,0,0,0,0,0,0,0,0,0,0,0,0,0,0,0,0,0,0,0,0,0,0,0,0,0,0,0,0,0,0,0,0,0,0,0,0,0,0,0,0,0,0,0,0,0,0,0,0,0,0,0,0,0,0,0,0,0,0,0,0,0,0,0,0,0,0,0,0,0,0,0,0,0,0,0,0,0,0,0,0,0,0,0,0,0,0,0,0,0,0,0,0,0,0,0,0,0,0,0,0,0,0,0,0,0,0,0,0,0,0,0,0,0,0,0,0,0,0,0,0,0,0,0,0,0,0,0,0,0,0,0,0,0,0,0,0,0,0,0,0,0,0,0,0,0,0,0,0,0,0,0,0,0,0,0,0,0,0,0,0,0,0,0,0,0,0,0,0,0,0,0,0,0,0,0,0,0,0,0,0,0,0,0,0,0,0,0,0,0,0,0,0,0,0,0,0,0,0,0,0,0,0,0,0,0,0,0,0,0,0,0,0,0,0,0,0,0,0,0
CMV_VR538_P4L,0,0,0,0,0,0,0,0,0,0,0,0,0,0,0,0,0,0,0,0,0,0,0,0,0,0,0,0,0,0,0,0,0,0,0,0,0,0,0,0,0,0,0,0,0,0,0,0,0,0,0,0,0,0,0,0,0,0,0,0,0,0,0,0,0,0,0,0,0,0,0,0,0,0,0,0,0,0,0,0,0,0,0,0,0,0,0,0,0,0,0,0,0,0,0,0,0,0,0,0,0,0,0,0,0,0,0,0,0,0,0,0,0,0,0,0,0,0,0,0,0,0,0,0,0,0,0,0,0,0,0,0,0,0,0,0,0,0,0,0,0,0,0,0,0,0,0,0,0,0,0,0,0,0,0,0,0,0,0,0,0,0,0,0,0,0,0,0,0,0,0,0,0,0,0,0,0,0,0,0,0,0,0,0,0,0,0,0,0,0,0,0,0,0,0,0,0,0,0,0,0,0,0,0,0,0,0,0,0,0,0,0,0,0,0,0,0,0,0,0,0,0,0,0,0,0,0,0,0,0,0,0,0,0,0,0,0,0,0,0,0,0,0,0,0,0,0,0,0,0,0,0,0,0,0,0,0,0,0,0,0,0,0,0,0,0,0,0,0,0,0,0,0,0,0,0,0,0,0,0,0,0,0,0,0,0,0,0
CMV_VR538_P12L,0,0,0,0,0,0,0,0,0,0,0,0,0,0,0,0,0,0,0,0,0,0,0,0,0,0,0,0,0,0,0,0,0,0,0,0,0,0,0,0,0,0,0,0,0,0,0,0,0,0,0,0,0,0,0,0,0,0,0,0,0,0,0,0,0,0,0,0,0,0,0,0,0,0,0,0,0,0,0,0,0,0,0,0,0,0,0,0,0,0,0,0,0,0,0,0,0,0,0,0,0,0,0,0,0,0,0,0,0,0,0,0,0,0,0,0,0,0,0,0,0,0,0,0,0,0,0,0,0,0,0,0,0,0,0,0,0,0,0,0,0,0,0,0,0,0,0,0,0,0,0,0,0,0,0,0,0,0,0,0,0,0,0,0,0,0,0,0,0,0,0,0,0,0,0,0,0,0,0,0,0,0,0,0,0,0,0,0,0,0,0,0,0,0,0,0,0,0,0,0,0,0,0,0,0,0,0,0,0,0,0,0,0,0,0,0,0,0,0,0,0,0,0,0,0,0,0,0,0,0,0,0,0,0,0,0,0,0,0,0,0,0,0,0,0,0,0,0,0,0,0,0,0,0,0,0,0,0,0,0,0,0,0,0,0,0,0,0,0,0,0,0,0,0,0,0,0,0,0,0,0,0,0,0,0,0,0,0
CMV_VR538_P18L,0,0,0,0,0,0,0,0,0,0,0,0,0,0,0,0,0,0,0,0,0,0,0,0,0,0,0,0,0,0,0,0,0,0,0,0,0,0,0,0,0,0,0,0,0,0,0,0,0,0,0,0,0,0,0,0,0,0,0,0,0,0,0,0,0,0,0,0,0,0,0,0,0,0,0,0,0,0,0,0,0,0,0,0,0,0,0,0,0,0,0,0,0,0,0,0,0,0,0,0,0,0,0,0,0,0,0,0,0,0,0,0,0,0,0,0,0,0,0,0,0,0,0,0,0,0,0,0,0,0,0,0,0,0,0,0,0,0,0,0,0,0,0,0,0,0,0,0,0,0,0,0,0,0,0,0,0,0,0,0,0,0,0,0,0,0,0,0,0,0,0,0,0,0,0,0,0,0,0,0,0,0,0,0,0,0,0,0,0,0,0,0,0,0,0,0,0,0,0,0,0,0,0,0,0,0,0,0,0,0,0,0,0,0,0,0,0,0,0,0,0,0,0,0,0,0,0,0,0,0,0,0,0,0,0,0,0,0,0,0,0,0,0,0,0,0,0,0,0,0,0,0,0,0,0,0,0,0,0,0,0,0,0,0,0,0,0,0,0,0,0,0,0,0,0,0,0,0,0,0,0,0,0,0,0,0,0,0
CMV_VR538_P2L,0,0,0,0,0,0,0,0,0,0,0,0,0,0,0,0,0,0,0,0,0,0,0,0,0,0,0,0,0,0,0,0,0,0,0,0,0,0,0,0,0,0,0,0,0,0,0,0,0,0,0,0,0,0,0,0,0,0,0,0,0,0,0,0,0,0,0,0,0,0,0,0,0,0,0,0,0,0,0,0,0,0,0,0,0,0,0,0,0,0,0,0,0,0,0,0,0,0,0,0,0,0,0,0,0,0,0,0,0,0,0,0,0,0,0,0,0,0,0,0,0,0,0,0,0,0,0,0,0,0,0,0,0,0,0,0,0,0,0,0,0,0,0,0,0,0,0,0,0,0,0,0,0,0,0,0,0,0,0,0,0,0,0,0,0,0,0,0,0,0,0,0,0,0,0,0,0,0,0,0,0,0,0,0,0,0,0,0,0,0,0,0,0,0,0,0,0,0,0,0,0,0,0,0,0,0,0,0,0,0,0,0,0,0,0,0,0,0,0,0,0,0,0,0,0,0,0,0,0,0,0,0,0,0,0,0,0,0,0,0,0,0,0,0,0,0,0,0,0,0,0,0,0,0,0,0,0,0,0,0,0,0,0,0,0,0,0,0,0,0,0,0,0,0,0,0,0,0,0,0,0,0,0,0,0,0,0,0
CMV_VR538_P31L,0,0,0,0,0,0,0,0,0,0,0,0,0,0,0,0,0,0,0,0,0,0,0,0,0,0,0,0,0,0,0,0,0,0,0,0,0,0,0,0,0,0,0,0,0,0,0,0,0,0,0,0,0,0,0,0,0,0,0,0,0,0,0,0,0,0,0,0,0,0,0,0,0,0,0,0,0,0,0,0,0,0,0,0,0,0,0,0,0,0,0,0,0,0,0,0,0,0,0,0,0,0,0,0,0,0,0,0,0,0,0,0,0,0,0,0,0,0,0,0,0,0,0,0,0,0,0,0,0,0,0,0,0,0,0,0,0,0,0,0,0,0,0,0,0,0,0,0,0,0,0,0,0,0,0,0,0,0,0,0,0,0,0,0,0,0,0,0,0,0,0,0,0,0,0,0,0,0,0,0,0,0,0,0,0,0,0,0,0,0,0,0,0,0,0,0,0,0,0,0,0,0,0,0,0,0,0,0,0,0,0,0,0,0,0,0,0,0,0,0,0,0,0,0,0,0,0,0,0,0,0,0,0,0,0,0,0,0,0,0,0,0,0,0,0,0,0,0,0,0,0,0,0,0,0,0,0,0,0,0,0,0,0,0,0,0,0,0,0,0,0,0,0,0,0,0,0,0,0,0,0,0,0,0,0,0,0,0
CMV_VR538_P11L,0,0,0,0,0,0,0,0,0,0,0,0,0,0,0,21,0,0,0,0,0,0,0,0,0,0,0,0,0,0,0,0,0,0,0,0,0,0,0,0,0,0,0,0,0,0,0,0,0,0,0,0,0,0,0,0,0,0,0,0,0,0,0,0,0,0,0,0,0,0,0,0,0,0,0,0,0,0,0,0,0,0,0,0,0,0,0,0,0,0,0,0,0,0,0,0,0,0,0,0,0,0,0,0,0,0,0,0,0,0,0,0,0,0,0,0,0,0,0,0,0,0,0,0,0,0,0,0,0,0,0,0,0,0,0,0,0,0,0,0,0,0,0,0,0,0,0,0,0,0,0,0,0,0,0,0,0,0,0,0,0,0,0,0,0,0,0,0,0,0,0,0,0,0,0,0,0,0,0,0,0,0,0,0,0,0,0,0,0,0,0,0,0,0,0,0,0,0,0,0,0,0,0,0,0,0,0,0,0,0,0,0,0,0,0,0,0,0,0,0,0,0,0,0,0,0,0,0,0,0,0,0,0,0,0,0,0,0,0,0,0,0,0,0,0,0,0,0,0,0,0,0,0,0,0,0,0,0,0,0,0,0,0,0,0,0,0,0,0,0,0,0,0,0,0,0,0,0,0,0,0,0,0,0,0,0,0,0
OI_H1N1_P13L,0,0,0,0,0,0,0,0,0,0,0,0,0,0,0,0,0,0,0,0,0,0,0,0,0,0,0,0,0,0,0,0,0,0,0,0,0,0,0,0,0,0,0,0,0,0,0,0,0,0,0,0,0,0,0,0,0,0,0,0,0,0,0,0,0,0,0,0,0,0,0,0,0,0,0,0,0,0,0,0,0,0,0,0,0,0,0,0,0,0,0,0,0,0,0,0,0,0,0,0,0,0,0,0,0,0,0,0,0,0,0,0,0,0,0,0,0,0,0,0,0,0,0,0,0,0,0,0,0,0,0,0,0,0,0,0,0,0,0,0,0,0,0,0,0,0,0,0,0,0,0,0,0,0,0,0,0,0,0,0,0,0,0,0,0,0,0,0,0,0,0,0,0,0,0,0,0,0,0,0,0,0,0,0,0,0,0,0,0,0,0,0,0,0,0,0,0,0,0,0,0,0,0,0,0,0,0,0,0,0,0,0,0,0,0,0,0,0,0,0,0,0,0,0,0,0,0,0,0,0,0,0,0,0,0,0,0,0,0,0,0,0,0,0,0,0,0,0,0,0,0,0,0,0,0,0,0,0,0,0,0,0,0,0,0,0,0,0,0,0,0,0,0,0,0,0,0,0,0,0,0,0,0,0,0,0,0,0
OI_H1N1_P21L,0,0,0,0,0,0,0,0,0,0,0,0,0,0,0,6,0,0,0,0,0,0,0,0,0,0,0,0,0,0,0,0,0,0,0,0,0,0,0,0,0,0,0,0,0,0,0,0,0,0,0,0,0,0,0,0,0,0,0,0,0,0,0,0,0,0,0,0,0,0,0,0,0,0,0,0,0,0,0,0,0,0,0,0,0,0,0,0,0,0,0,0,0,0,0,0,0,0,0,0,0,0,0,0,0,0,0,0,0,0,0,0,0,0,0,0,0,0,0,0,0,0,0,0,0,0,0,0,0,0,0,0,0,0,0,0,0,0,0,0,0,0,0,0,0,0,0,0,0,0,0,0,0,0,0,0,0,0,0,0,0,0,0,0,0,0,0,0,0,0,0,0,0,0,0,0,0,0,0,0,0,0,0,0,0,0,0,0,0,0,0,0,0,0,0,0,0,0,0,0,0,0,0,0,0,0,0,0,0,0,0,0,0,0,0,0,0,0,0,0,0,0,0,0,0,0,0,0,0,0,0,0,0,0,0,0,0,0,0,0,0,0,0,0,0,0,0,0,0,0,0,0,0,0,0,0,0,0,0,0,0,0,0,0,0,0,0,0,0,0,0,0,0,0,0,0,0,0,0,0,0,0,0,0,0,0,0,0
OI_H1N1_P4L,0,0,0,0,0,0,0,0,0,0,0,0,0,0,0,0,0,0,0,0,0,0,0,0,0,0,0,0,0,0,0,0,0,0,0,0,0,0,0,0,0,0,0,0,0,0,0,0,0,0,0,0,0,0,0,0,0,0,0,0,0,0,0,0,0,0,0,0,0,0,0,0,0,0,0,0,0,0,0,0,0,0,0,0,0,0,0,0,0,0,0,0,0,0,0,0,0,0,0,0,0,0,0,0,0,0,0,0,0,0,0,0,0,0,0,0,0,0,0,0,0,0,0,0,0,0,0,0,0,0,0,0,0,0,0,0,0,0,0,0,0,0,0,0,0,0,0,0,0,0,0,0,0,0,0,0,0,0,0,0,0,0,0,0,0,0,0,0,0,0,0,0,0,0,0,0,0,0,0,0,0,0,0,0,0,0,0,0,0,0,0,0,0,0,0,0,0,0,0,0,0,0,0,0,0,0,0,0,0,0,0,0,0,0,0,0,0,0,0,0,0,0,0,0,0,0,0,0,0,0,0,0,0,0,0,0,0,0,0,0,0,0,0,0,0,0,0,0,0,0,0,0,0,0,0,0,0,0,0,0,0,0,0,0,0,0,0,0,0,0,0,0,0,0,0,0,0,0,0,0,0,0,0,0,0,0,0,0
ZK_P41L,0,0,3,0,0,0,0,0,0,0,0,0,0,0,0,0,0,0,0,0,0,0,0,0,0,0,0,0,0,0,0,0,0,0,0,0,0,0,0,0,0,0,0,0,0,0,0,0,0,0,0,0,0,0,0,0,0,0,0,0,0,0,0,0,0,0,0,0,0,0,0,0,0,0,0,0,0,0,0,0,0,0,0,0,0,0,0,0,0,0,0,0,0,0,0,0,0,0,0,0,0,0,0,0,0,0,0,0,0,0,0,0,0,0,0,0,0,0,0,0,0,0,0,0,0,0,0,0,0,0,0,0,0,0,0,0,0,0,0,0,0,0,0,0,0,0,0,0,0,0,0,0,0,0,0,0,0,0,0,0,0,0,0,0,0,0,0,0,0,0,0,0,0,0,0,0,0,0,0,0,0,0,0,0,0,0,0,0,0,0,0,0,0,0,0,0,0,0,0,0,0,0,0,0,0,0,0,0,0,0,0,0,0,0,0,0,0,0,0,0,0,0,0,0,0,0,0,0,0,0,0,0,0,0,0,0,0,0,0,0,0,0,0,0,0,0,0,0,0,0,0,0,0,0,0,0,0,0,0,0,0,0,0,0,0,0,0,0,0,0,0,0,0,0,0,0,0,0,0,0,0,0,0,0,0,0,0,0
ZK_P81L,0,0,0,0,0,0,0,0,0,0,0,0,0,0,0,0,0,0,0,0,0,0,0,0,0,0,0,0,0,0,0,0,0,0,0,0,0,0,0,0,0,0,0,0,0,0,0,0,0,0,0,0,0,0,0,0,0,0,0,0,0,0,0,0,0,0,0,0,0,0,0,0,0,0,0,0,0,0,0,0,0,0,0,0,0,0,0,0,0,0,0,0,0,0,0,0,0,0,0,0,0,0,0,0,0,0,0,0,0,0,0,0,0,0,0,0,0,0,0,0,0,0,0,0,0,0,0,0,0,0,0,0,0,0,0,0,0,0,0,0,0,0,0,0,0,0,0,0,0,0,0,0,0,0,0,0,0,0,0,0,0,0,0,0,0,0,0,0,0,0,0,0,0,0,0,0,0,0,0,0,0,0,0,0,0,0,0,0,0,0,0,0,0,0,0,0,0,0,0,0,0,0,0,0,0,0,0,0,0,0,0,0,0,0,0,0,0,0,0,0,0,0,0,0,0,0,0,0,0,0,0,0,0,0,0,0,0,0,0,0,0,0,0,0,0,0,0,0,0,0,0,0,0,0,0,0,0,0,0,0,0,0,0,0,0,0,0,0,0,0,0,0,0,0,0,0,0,0,0,0,0,0,0,0,0,0,0,0
ZK_P217L,0,0,47,0,0,0,0,0,0,0,0,0,0,0,0,0,0,0,0,0,0,0,0,0,0,0,0,0,0,0,0,0,0,0,0,0,0,0,0,0,0,0,0,0,0,0,0,0,0,0,0,0,0,0,0,0,0,0,0,0,0,0,0,0,0,0,0,0,0,0,0,0,0,0,0,0,0,0,0,0,0,0,0,0,0,0,0,0,0,0,0,0,0,0,0,0,0,0,0,0,0,0,0,0,0,0,0,0,0,0,0,0,0,0,0,0,0,0,0,0,0,0,0,0,0,0,0,0,0,0,0,0,0,0,0,0,0,0,0,0,0,0,0,0,0,0,0,0,0,0,0,0,0,0,0,0,0,0,0,0,0,0,0,0,0,0,0,0,0,0,0,0,0,0,0,0,0,0,0,0,0,0,0,0,0,0,0,0,0,0,0,0,0,0,0,0,0,0,0,0,0,0,0,0,0,0,0,0,0,0,0,0,0,0,0,0,0,0,0,0,0,0,0,0,0,0,0,0,0,0,0,0,0,0,0,0,0,0,0,0,0,0,0,0,0,0,0,0,0,0,0,0,0,0,0,0,0,0,0,0,0,0,0,0,0,0,0,0,0,0,0,0,0,0,0,0,0,0,0,0,0,0,0,0,0,0,0,0
CA_18804_P2L,0,0,0,0,0,0,0,0,0,0,0,0,0,0,0,0,0,0,0,0,0,0,0,0,0,0,0,0,0,0,0,0,0,0,0,0,0,0,0,0,0,0,0,0,0,0,0,0,0,0,0,0,0,0,0,0,0,0,0,0,0,0,0,0,0,0,0,0,0,0,0,0,0,0,0,0,0,0,0,0,0,0,0,0,0,0,0,0,0,0,0,0,0,0,0,0,0,0,0,0,0,0,0,0,0,0,0,0,0,0,0,0,0,0,0,0,0,0,0,0,0,0,0,0,0,0,0,0,0,0,0,0,0,0,0,0,0,0,0,0,0,0,0,0,0,0,0,0,0,0,0,0,0,0,0,0,0,0,0,0,0,0,0,0,0,0,0,0,0,0,0,0,0,0,0,0,0,0,0,0,0,0,0,0,0,0,0,0,0,0,0,0,0,0,0,0,0,0,0,0,0,0,0,0,0,0,0,0,0,0,0,0,0,0,0,0,0,0,0,0,0,0,0,0,0,0,0,0,0,0,0,0,0,0,0,0,0,0,0,0,0,0,0,0,0,0,0,0,0,0,0,0,0,0,0,0,0,0,0,0,0,0,0,0,0,0,0,0,0,0,0,0,0,0,0,0,0,0,0,0,0,0,0,0,0,0,0,0
CA_18804_18S_P3L,0,0,0,0,0,0,0,0,0,0,0,0,0,0,0,0,0,0,0,0,0,0,0,0,0,0,0,0,0,0,0,0,0,0,0,0,0,0,0,0,0,0,0,0,0,0,0,0,0,0,0,0,0,0,0,0,0,0,0,0,0,0,0,0,0,0,0,0,0,0,0,0,0,0,0,0,0,0,0,0,0,0,0,0,0,0,0,0,0,0,0,0,0,0,0,0,0,0,0,0,0,0,0,0,0,0,0,0,0,0,0,0,0,0,0,0,0,0,0,0,0,0,0,0,0,0,0,0,0,0,0,0,0,0,0,0,0,0,0,0,0,0,0,0,0,0,0,0,0,0,0,0,0,0,0,0,0,0,0,0,0,0,0,0,0,0,0,0,0,0,0,0,0,0,0,0,0,0,0,0,0,0,0,0,0,0,0,0,0,0,0,0,0,0,0,0,0,0,0,0,0,0,0,0,0,0,0,0,0,0,0,0,0,0,0,0,0,0,0,0,0,0,0,0,0,0,0,0,0,0,0,0,0,0,0,0,0,0,0,0,0,0,0,0,0,0,0,0,0,0,0,0,0,0,0,0,0,0,0,0,0,0,0,0,0,0,0,0,0,0,0,0,0,0,0,0,0,0,0,0,0,0,0,0,0,0,0,0
CN_32045_P1L,0,0,0,0,0,0,0,0,0,0,0,0,0,0,0,0,0,0,0,0,0,0,0,0,0,0,0,0,0,0,0,0,0,0,0,0,0,0,0,0,0,0,0,0,0,0,0,0,0,0,0,0,0,0,0,0,0,0,0,0,0,0,0,0,0,0,0,0,0,0,0,0,0,0,0,0,0,0,0,0,0,0,0,0,0,0,0,0,0,0,0,0,0,0,0,0,0,0,0,0,0,0,0,0,0,0,0,0,0,0,0,0,0,0,0,0,0,0,0,0,0,0,0,0,0,0,0,0,0,0,0,0,0,0,0,0,0,0,0,0,0,0,0,0,0,0,0,0,0,0,0,0,0,0,0,0,0,0,0,0,0,0,0,0,0,0,0,0,0,0,0,0,0,0,0,0,0,0,0,0,0,0,0,0,0,0,0,0,0,0,0,0,0,0,0,0,0,0,0,0,0,0,0,0,0,0,0,0,0,0,0,0,0,0,0,0,0,0,0,0,0,0,0,0,0,0,0,0,0,0,0,0,0,0,0,0,0,0,0,0,0,0,0,0,0,0,0,0,0,0,0,0,0,0,0,0,0,0,0,0,0,0,0,0,0,0,0,0,0,0,0,0,0,0,0,0,0,0,0,0,0,0,0,0,0,0,0,0
CN_32045_P2L,0,0,0,0,0,0,0,0,0,0,0,0,0,0,0,0,0,0,0,0,0,0,0,0,0,0,0,0,0,0,0,0,0,0,0,0,0,0,0,0,0,0,0,0,0,0,0,0,0,0,0,0,0,0,0,0,0,0,0,0,0,0,0,0,0,0,0,0,0,0,0,0,0,0,0,0,0,0,0,0,0,0,0,0,0,0,0,0,0,0,0,0,0,0,0,0,0,0,0,0,0,0,0,0,0,0,0,0,0,0,0,0,0,0,0,0,0,0,0,0,0,0,0,0,0,0,0,0,0,0,0,0,0,0,0,0,0,0,0,0,0,0,0,0,0,0,0,0,0,0,0,0,0,0,0,0,0,0,0,0,0,0,0,0,0,0,0,0,0,0,0,0,0,0,0,0,0,0,0,0,0,0,0,0,0,0,0,0,0,0,0,0,0,0,0,0,0,0,0,0,0,0,0,0,0,0,0,0,0,0,0,0,0,0,0,0,0,0,0,0,0,0,0,0,0,0,0,0,0,0,0,0,0,0,0,0,0,0,0,0,0,0,0,0,0,0,0,0,0,0,0,0,0,0,0,0,0,0,0,0,0,0,0,0,0,0,0,0,0,0,0,0,0,0,0,0,0,0,0,0,0,0,0,0,0,0,0,0
CN_32045_18S_P3L,0,0,0,0,0,0,0,0,0,0,0,0,0,0,0,0,0,0,0,0,0,0,0,0,0,0,0,0,0,0,0,0,0,0,0,0,0,0,0,0,0,0,0,0,0,0,0,0,0,0,0,0,0,0,0,0,0,0,0,0,0,0,0,0,0,0,0,0,0,0,0,0,0,0,0,0,0,0,0,0,0,0,0,0,0,0,0,0,0,0,0,0,0,0,0,0,0,0,0,0,0,0,0,0,0,0,0,0,0,0,0,0,0,0,0,0,0,0,0,0,0,0,0,0,0,0,0,0,0,0,0,0,0,0,0,0,0,0,0,0,0,0,0,0,0,0,0,0,0,0,0,0,0,0,0,0,0,0,0,0,0,0,0,0,0,0,0,0,0,0,0,0,0,0,0,0,0,0,0,0,0,0,0,0,0,0,0,0,0,0,0,0,0,0,0,0,0,0,0,0,0,0,0,0,0,0,0,0,0,0,0,0,0,0,0,0,0,0,0,0,0,0,0,0,0,0,0,0,0,0,0,0,0,0,0,0,0,0,0,0,0,0,0,0,0,0,0,0,0,0,0,0,0,0,0,0,0,0,0,0,0,0,0,0,0,0,0,0,0,0,0,0,0,0,0,0,0,0,0,0,0,0,0,0,0,0,0,0
CN_32045_18S_P4L,0,0,0,0,0,0,0,0,0,0,0,0,0,0,0,0,0,0,0,0,0,0,0,0,0,0,0,0,0,0,0,0,0,0,0,0,0,0,0,0,0,0,0,0,0,0,0,0,0,0,0,0,0,0,0,0,0,0,0,0,0,0,0,0,0,0,0,0,0,0,0,0,0,0,0,0,0,0,0,0,0,0,0,0,0,0,0,0,0,0,0,0,0,0,0,0,0,0,0,0,0,0,0,0,0,0,0,0,0,0,0,0,0,0,0,0,0,0,0,0,0,0,0,0,0,0,0,0,0,0,0,0,0,0,0,0,0,0,0,0,0,0,0,0,0,0,0,0,0,0,0,0,0,0,0,0,0,0,0,0,0,0,0,0,0,0,0,0,0,0,0,0,0,0,0,0,0,0,0,0,0,0,0,0,0,0,0,0,0,0,0,0,0,0,0,0,0,0,0,0,0,0,0,0,0,0,0,0,0,0,0,0,0,0,0,0,0,0,0,0,0,0,0,0,0,0,0,0,0,0,0,0,0,0,0,0,0,0,0,0,0,0,0,0,0,0,0,0,0,0,0,0,0,0,0,0,0,0,0,0,0,0,0,0,0,0,0,0,0,0,0,0,0,0,0,0,0,0,0,0,0,0,0,0,0,0,0,0
SA_25923_probe_3L,0,0,245,0,0,0,0,0,0,0,0,0,0,0,0,99,0,0,0,0,0,0,0,0,1,0,0,0,0,0,0,0,0,0,0,0,0,0,0,0,0,0,0,0,0,0,0,0,0,0,0,0,0,0,0,0,0,0,0,0,0,0,0,0,0,0,0,0,0,0,0,0,0,0,0,0,0,0,0,0,0,0,0,0,0,0,0,0,0,0,0,0,0,0,0,0,0,0,0,0,0,0,0,0,0,0,0,0,0,0,0,0,0,0,0,0,0,0,0,0,0,0,0,0,0,0,0,0,0,0,0,0,0,0,0,0,0,0,0,0,0,0,0,0,0,0,0,0,0,0,0,0,0,0,0,0,0,0,0,0,0,0,0,0,0,0,0,0,0,0,0,0,0,0,0,0,0,0,0,0,0,0,0,0,0,0,0,0,0,0,0,0,0,0,0,0,0,0,0,0,0,0,0,0,0,0,0,0,0,0,0,0,0,0,0,0,0,0,0,0,0,0,0,0,0,0,0,0,0,0,0,0,0,0,0,0,0,0,0,0,0,0,0,0,0,0,0,0,0,0,0,0,0,0,0,0,0,0,0,0,0,0,0,0,0,0,0,0,0,0,0,0,0,0,0,0,0,0,0,0,0,0,0,0,0,0,0,0
SA_25923_probe_1L,0,0,820,0,0,0,0,0,0,0,0,0,0,0,0,3946,0,0,0,0,0,0,0,0,1,0,0,0,2,0,0,0,0,0,0,0,0,0,1,0,0,0,0,0,0,0,0,0,0,0,0,0,0,0,0,0,0,0,0,0,0,0,0,0,0,0,0,0,0,0,0,0,0,0,1,0,1,0,0,0,0,0,0,0,0,0,0,0,0,0,0,0,0,0,0,0,0,0,0,0,0,0,0,0,0,0,0,0,0,0,0,0,0,0,0,0,0,0,0,0,0,0,0,0,0,0,0,1,0,0,0,0,0,0,0,0,0,0,0,0,0,0,0,0,0,0,0,0,0,0,0,0,0,0,0,0,0,0,0,0,0,0,0,0,0,0,0,0,0,0,0,0,0,0,0,0,0,0,0,0,0,0,0,0,0,0,0,0,0,0,0,0,0,0,0,0,0,0,0,0,0,0,0,0,0,0,0,0,0,0,0,0,0,0,0,0,0,0,0,0,0,0,0,0,0,0,0,0,0,0,0,0,0,0,0,0,0,0,0,0,0,0,0,0,1,0,0,0,0,0,0,0,0,0,0,0,0,0,0,0,0,0,0,0,0,0,0,0,0,0,0,0,0,0,0,0,0,0,0,0,0,0,0,0,0,0,0,0
CA_18804_26S_probe_1L,0,0,0,0,0,0,0,0,0,0,0,0,0,0,0,0,0,0,0,0,0,0,0,0,0,0,0,0,0,0,0,0,0,0,0,0,0,0,0,0,0,0,0,0,0,0,0,0,0,0,0,0,0,0,0,0,0,0,0,0,0,0,0,0,0,0,0,0,0,0,0,0,0,0,0,0,0,0,0,0,0,0,0,0,0,0,0,0,0,0,0,0,0,0,0,0,0,0,0,0,0,0,0,0,0,0,0,0,0,0,0,0,0,0,0,0,0,0,0,0,0,0,0,0,0,0,0,0,0,0,0,0,0,0,0,0,0,0,0,0,0,0,0,0,0,0,0,0,0,0,0,0,0,0,0,0,0,0,0,0,0,0,0,0,0,0,0,0,0,0,0,0,0,0,0,0,0,0,0,0,0,0,0,0,0,0,0,0,0,0,0,0,0,0,0,0,0,0,0,0,0,0,0,0,0,0,0,0,0,0,0,0,0,0,0,0,0,0,0,0,0,0,0,0,0,0,0,0,0,0,0,0,0,0,0,0,0,0,0,0,0,0,0,0,0,0,0,0,0,0,0,0,0,0,0,0,0,0,0,0,0,0,0,0,0,0,0,0,0,0,0,0,0,0,0,0,0,0,0,0,0,0,0,0,0,0,0,0
CA_18804_18S_probe_4L,0,0,0,0,0,0,0,0,0,0,0,0,0,0,0,0,0,0,0,0,0,0,0,0,0,0,0,0,0,0,0,0,0,0,0,0,0,0,0,0,0,0,0,0,0,0,0,0,0,0,0,0,0,0,0,0,0,0,0,0,0,0,0,0,0,0,0,0,0,0,0,0,0,0,0,0,0,0,0,0,0,0,0,0,0,0,0,0,0,0,0,0,0,0,0,0,0,0,0,0,0,0,0,0,0,0,0,0,0,0,0,0,0,0,0,0,0,0,0,0,0,0,0,0,0,0,0,0,0,0,0,0,0,0,0,0,0,0,0,0,0,0,0,0,0,0,0,0,0,0,0,0,0,0,0,0,0,0,0,0,0,0,0,0,0,0,0,0,0,0,0,0,0,0,0,0,0,0,0,0,0,0,0,0,0,0,0,0,0,0,0,0,0,0,0,0,0,0,0,0,0,0,0,0,0,0,0,0,0,0,0,0,0,0,0,0,0,0,0,0,0,0,0,0,0,0,0,0,0,0,0,0,0,0,0,0,0,0,0,0,0,0,0,0,0,0,0,0,0,0,0,0,0,0,0,0,0,0,0,0,0,0,0,0,0,0,0,0,0,0,0,0,0,0,0,0,0,0,0,0,0,0,0,0,0,0,0,0
OI_Mseg_1,0,0,3583,0,0,0,0,0,0,0,0,0,0,0,0,0,0,0,0,0,0,0,0,0,8,0,0,0,14,0,0,0,0,0,0,0,0,0,0,0,0,0,0,0,0,0,0,0,0,0,0,0,0,0,0,0,0,0,0,0,0,0,0,0,0,0,0,0,0,0,0,0,0,0,0,0,0,0,0,0,0,0,0,0,0,0,0,0,0,0,0,0,0,0,0,0,0,0,0,0,2,0,0,0,0,0,0,0,0,0,0,0,0,0,0,0,0,0,0,0,0,0,0,0,0,0,0,0,0,0,0,0,0,0,0,0,0,0,0,0,0,0,0,0,0,0,0,0,0,0,0,0,0,0,0,0,0,0,0,0,0,0,0,0,0,0,0,0,0,0,0,0,0,0,0,0,0,0,0,0,0,0,0,0,0,0,0,0,0,0,0,0,0,0,0,0,0,0,0,0,0,0,0,0,0,0,0,0,0,0,0,0,0,0,0,0,0,0,0,0,0,0,0,0,0,0,0,0,0,0,0,0,0,0,0,0,0,0,0,5,0,0,0,0,0,0,0,0,0,0,0,0,0,0,0,0,0,0,0,0,0,0,0,0,0,0,0,0,0,0,0,0,0,0,0,0,0,0,0,0,0,0,0,0,0,0,0,0
OI_Mseg_2_G,0,0,0,0,0,0,0,0,0,0,0,0,0,0,0,0,0,0,0,0,0,0,0,0,0,0,0,0,0,0,0,0,0,0,0,0,0,0,0,0,0,0,0,0,0,0,0,0,0,0,0,0,0,0,0,0,0,0,0,0,0,0,0,0,0,0,0,0,0,0,0,0,0,0,0,0,0,0,0,0,0,0,0,0,0,0,0,0,0,0,0,0,0,0,0,0,0,0,0,0,0,0,0,0,0,0,0,0,0,0,0,0,0,0,0,0,0,0,0,0,0,0,0,0,0,0,0,0,0,0,0,0,0,0,0,0,0,0,0,0,0,0,0,0,0,0,0,0,0,0,0,0,0,0,0,0,0,0,0,0,0,0,0,0,0,0,0,0,0,0,0,0,0,0,0,0,0,0,0,0,0,0,0,0,0,0,0,0,0,0,0,0,0,0,0,0,0,0,0,0,0,0,0,0,0,0,0,0,0,0,0,0,0,0,0,0,0,0,0,0,0,0,0,0,0,0,0,0,0,0,0,0,0,0,0,0,0,0,0,0,0,0,0,0,0,0,0,0,0,0,0,0,0,0,0,0,0,0,0,0,0,0,0,0,0,0,0,0,0,0,0,0,0,0,0,0,0,0,0,0,0,0,0,0,0,0,0,0
OI_Mseg_2_A,0,0,0,0,0,0,0,0,0,0,0,0,0,0,0,0,0,0,0,0,0,0,0,0,0,0,0,0,0,0,0,0,0,0,0,0,0,0,0,0,0,0,0,0,0,0,0,0,0,0,0,0,0,0,0,0,0,0,0,0,0,0,0,0,0,0,0,0,0,0,0,0,0,0,0,0,0,0,0,0,0,0,0,0,0,0,0,0,0,0,0,0,0,0,0,0,0,0,0,0,0,0,0,0,0,0,0,0,0,0,0,0,0,0,0,0,0,0,0,0,0,0,0,0,0,0,0,0,0,0,0,0,0,0,0,0,0,0,0,0,0,0,0,0,0,0,0,0,0,0,0,0,0,0,0,0,0,0,0,0,0,0,0,0,0,0,0,0,0,0,0,0,0,0,0,0,0,0,0,0,0,0,0,0,0,0,0,0,0,0,0,0,0,0,0,0,0,0,0,0,0,0,0,0,0,0,0,0,0,0,0,0,0,0,0,0,0,0,0,0,0,0,0,0,0,0,0,0,0,0,0,0,0,0,0,0,0,0,0,0,0,0,0,0,0,0,0,0,0,0,0,0,0,0,0,0,0,0,0,0,0,0,0,0,0,0,0,0,0,0,0,0,0,0,0,0,0,0,0,0,0,0,0,0,0,0,0,0
OI_Mseg_3_G_T,0,0,36,0,0,0,0,0,0,0,0,0,0,0,0,1,0,0,0,0,0,0,0,0,0,0,0,0,0,0,0,0,0,0,0,0,0,0,0,0,0,0,0,0,0,0,0,0,0,0,0,0,0,0,0,0,0,0,0,0,0,0,0,0,0,0,0,0,0,0,0,0,0,0,0,0,0,0,0,0,0,0,0,0,0,0,0,0,0,0,0,0,0,0,0,0,0,0,0,0,0,0,0,0,0,0,0,0,0,0,0,0,0,0,0,0,0,0,0,0,0,0,0,0,0,0,0,0,0,0,0,0,0,0,0,0,0,0,0,0,0,0,0,0,0,0,0,0,0,0,0,0,0,0,0,0,0,0,0,0,0,0,0,0,0,0,0,0,0,0,0,0,0,0,0,0,0,0,0,0,0,0,0,0,0,0,0,0,0,0,0,0,0,0,0,0,0,0,0,0,0,0,0,0,0,0,0,0,0,0,0,0,0,0,0,0,0,0,0,0,0,0,0,0,0,0,0,0,0,0,0,0,0,0,0,0,0,0,0,0,0,0,0,0,0,0,0,0,0,0,0,0,0,0,0,0,0,0,0,0,0,0,0,0,0,0,0,0,0,0,0,0,0,0,0,0,0,0,0,0,0,0,0,0,0,0,0,0
OI_Mseg_3_T_T,0,0,33,0,0,0,0,0,0,0,0,0,0,0,0,0,0,0,0,0,0,0,0,0,0,0,0,0,0,0,0,0,0,0,0,0,0,0,0,0,0,0,0,0,0,0,0,0,0,0,0,0,0,0,0,0,0,0,0,0,0,0,0,0,0,0,0,0,0,0,0,0,0,0,0,0,0,0,0,0,0,0,0,0,0,0,0,0,0,0,0,0,0,0,0,0,0,0,0,0,0,0,0,0,0,0,0,0,0,0,0,0,0,0,0,0,0,0,0,0,0,0,0,0,0,0,0,0,0,0,0,0,0,0,0,0,0,0,0,0,0,0,0,0,0,0,0,0,0,0,0,0,0,0,0,0,0,0,0,0,0,0,0,0,0,0,0,0,0,0,0,0,0,0,0,0,0,0,0,0,0,0,0,0,0,0,0,0,0,0,0,0,0,0,0,0,0,0,0,0,0,0,0,0,0,0,0,0,0,0,0,0,0,0,0,0,0,0,0,0,0,0,0,0,0,0,0,0,0,0,0,0,0,0,0,0,0,0,0,0,0,0,0,0,0,0,0,0,0,0,0,0,0,0,0,0,0,0,0,0,0,0,0,0,0,0,0,0,0,0,0,0,0,0,0,0,0,0,0,0,0,0,0,0,0,0,0,0
OI_Mseg_3_G_C,0,0,0,0,0,0,0,0,0,0,0,0,0,0,0,5,0,0,0,0,0,0,0,0,0,0,0,0,0,0,0,0,0,0,0,0,0,0,0,0,0,0,0,0,0,0,0,0,0,0,0,0,0,0,0,0,0,0,0,0,0,0,0,0,0,0,0,0,0,0,0,0,0,0,0,0,0,0,0,0,0,0,0,0,0,0,0,0,0,0,0,0,0,0,0,0,0,0,0,0,0,0,0,0,0,0,0,0,0,0,0,0,0,0,0,0,0,0,0,0,0,0,0,0,0,0,0,0,0,0,0,0,0,0,0,0,0,0,0,0,0,0,0,0,0,0,0,0,0,0,0,0,0,0,0,0,0,0,0,0,0,0,0,0,0,0,0,0,0,0,0,0,0,0,0,0,0,0,0,0,0,0,0,0,0,0,0,0,0,0,0,0,0,0,0,0,0,0,0,0,0,0,0,0,0,0,0,0,0,0,0,0,0,0,0,0,0,0,0,0,0,0,0,0,0,0,0,0,0,0,0,0,0,0,0,0,0,0,0,0,0,0,0,0,0,0,0,0,0,0,0,0,0,0,0,0,0,0,0,0,0,0,0,0,0,0,0,0,0,0,0,0,0,0,0,0,0,0,0,0,0,0,0,0,0,0,0,0
OI_Mseg_3_T_C,0,0,1,0,0,0,0,0,0,0,0,0,0,0,0,0,0,0,0,0,0,0,0,0,0,0,0,0,0,0,0,0,0,0,0,0,0,0,0,0,0,0,0,0,0,0,0,0,0,0,0,0,0,0,0,0,0,0,0,0,0,0,0,0,0,0,0,0,0,0,0,0,0,0,0,0,0,0,0,0,0,0,0,0,0,0,0,0,0,0,0,0,0,0,0,0,0,0,0,0,0,0,0,0,0,0,0,0,0,0,0,0,0,0,0,0,0,0,0,0,0,0,0,0,0,0,0,0,0,0,0,0,0,0,0,0,0,0,0,0,0,0,0,0,0,0,0,0,0,0,0,0,0,0,0,0,0,0,0,0,0,0,0,0,0,0,0,0,0,0,0,0,0,0,0,0,0,0,0,0,0,0,0,0,0,0,0,0,0,0,0,0,0,0,0,0,0,0,0,0,0,0,0,0,0,0,0,0,0,0,0,0,0,0,0,0,0,0,0,0,0,0,0,0,0,0,0,0,0,0,0,0,0,0,0,0,0,0,0,0,0,0,0,0,0,0,0,0,0,0,0,0,0,0,0,0,0,0,0,0,0,0,0,0,0,0,0,0,0,0,0,0,0,0,0,0,0,0,0,0,0,0,0,0,0,0,0,0
CV_KY369909.2_7767-7806,0,0,84,0,0,0,0,0,0,0,0,0,0,0,0,0,0,0,0,0,0,0,0,0,0,0,0,0,1,0,0,0,0,0,0,0,6,0,0,0,0,0,0,0,0,0,0,0,0,0,0,0,0,0,0,0,0,0,0,0,0,0,0,0,0,0,0,0,0,0,0,0,0,0,0,0,38,0,0,0,0,0,0,0,0,0,0,0,0,0,0,0,0,0,0,0,0,0,0,0,0,0,0,0,0,0,0,0,0,0,0,0,0,0,0,0,0,0,0,0,0,0,0,0,0,0,0,0,0,0,0,0,0,0,0,0,0,0,0,0,0,0,0,0,0,0,0,0,0,0,0,0,0,0,0,0,0,0,0,0,0,0,0,0,0,0,0,0,0,0,0,0,0,0,0,0,0,0,0,0,0,0,0,0,0,0,0,0,0,0,0,0,0,0,0,0,0,0,0,0,0,0,0,0,0,0,0,0,0,0,0,0,0,0,0,0,0,0,0,0,0,0,0,0,0,0,0,0,0,0,0,0,0,0,0,0,0,0,0,0,0,0,0,0,0,0,0,0,0,0,0,0,0,0,0,0,0,0,0,0,0,0,0,0,0,0,0,0,0,0,0,0,0,0,0,0,0,0,0,0,0,0,0,0,0,0,0,0
CV_KY369909.2_14115-14154,0,0,0,0,355,839,312,1128,0,432,0,162,0,0,0,0,351,0,0,466,0,1649,0,273,672,0,0,0,1,0,0,0,0,0,141,0,59,153,0,0,1,0,0,0,483,0,4,0,0,85,1057,1,0,0,1535,0,0,0,0,0,0,0,285,251,0,0,0,0,0,0,0,0,0,0,0,0,311,0,0,0,0,0,0,0,0,0,0,791,0,0,0,0,0,0,0,0,0,320,0,0,0,362,0,3,0,37,0,333,0,0,0,636,0,19,0,0,0,9,0,453,0,0,0,162,0,0,0,90,0,2,0,16,0,168,0,187,0,24,0,225,0,54,0,222,0,0,0,0,0,0,0,0,0,0,0,59,0,8,0,381,0,23,0,156,0,386,0,1,0,0,0,0,0,0,0,0,0,1,0,0,0,0,0,6,0,62,0,346,0,2,0,703,0,0,0,0,0,0,0,0,0,0,0,0,0,65,0,0,0,0,0,0,0,138,0,920,0,45,0,0,0,0,0,0,0,0,0,0,0,0,0,0,0,0,0,7,0,0,0,23,0,6,0,0,0,0,0,0,0,21,0,0,0,0,0,0,0,0,0,0,0,0,0,0,0,203,0,260,0,0,0,18,0,0,0,0,0,0,0,0,0,0,0,0,0,0,0,1
CV_KY369909.2_22566-22605,0,0,0,0,0,0,0,173,0,0,0,0,0,0,0,0,0,0,0,0,0,0,0,99,171,0,0,0,0,0,0,0,0,0,0,0,0,0,0,0,0,0,0,0,0,0,0,0,0,0,0,0,0,0,0,0,0,0,0,0,0,0,0,0,0,0,0,0,0,0,0,0,0,0,0,0,0,0,0,0,0,0,0,0,0,0,0,0,0,0,0,0,0,0,0,0,0,0,0,0,0,0,0,2,0,45,0,0,0,0,0,0,0,0,0,0,0,8,0,0,0,0,0,0,0,0,0,0,0,4,0,10,0,0,0,0,0,0,0,61,0,0,0,0,0,0,0,0,0,0,0,0,0,0,0,29,0,16,0,0,0,49,0,0,0,0,0,0,0,0,0,0,0,0,0,0,0,0,0,0,0,2,0,0,0,0,0,0,0,0,0,0,0,0,0,0,0,0,0,0,0,0,0,0,0,0,0,0,0,0,0,0,0,0,0,46,0,0,0,51,0,0,0,0,0,0,0,0,0,0,0,0,0,0,0,60,0,0,0,9,0,0,0,0,0,0,0,0,0,0,0,0,0,0,0,0,0,0,0,0,0,0,0,0,0,0,0,0,0,0,0,0,0,35,0,0,0,0,0,0,0,0,0,0,0,0,0,0
CV_KF686344.1_2562-2601,0,0,0,0,0,0,0,0,0,0,0,0,0,0,0,0,0,0,0,0,0,0,0,0,0,0,0,0,0,0,0,0,0,0,0,0,0,0,0,0,0,0,0,0,0,0,0,0,0,0,0,0,0,0,0,0,0,0,0,0,0,0,0,0,0,0,0,0,0,0,0,0,0,0,0,0,0,0,0,0,0,0,0,0,0,0,0,0,0,0,0,0,0,0,0,0,0,0,0,0,0,0,0,0,0,0,0,0,0,0,0,0,0,0,0,0,0,0,0,0,0,0,0,0,0,0,0,0,0,0,0,0,0,0,0,0,0,0,0,0,0,0,0,0,0,0,0,0,0,0,0,0,0,0,0,0,0,0,0,0,0,0,0,0,0,0,0,0,0,0,0,0,0,0,0,0,0,0,0,0,0,0,0,0,0,0,0,0,0,0,0,0,0,0,0,0,0,0,0,0,0,0,0,0,0,0,0,0,0,0,0,0,0,0,0,17,0,0,0,0,0,0,0,0,0,0,0,0,0,0,0,0,0,0,0,0,0,0,0,0,0,0,0,0,0,0,0,0,0,0,0,0,0,0,0,0,0,0,0,0,0,0,0,0,0,0,0,0,0,0,0,0,0,0,0,0,0,0,0,0,0,0,0,0,0,0,0,0
CV_KF686344.1_2713-2752,0,0,0,0,0,617,0,0,0,346,0,0,0,0,0,10,1,0,0,1,0,0,0,215,100,0,0,0,0,0,0,0,0,0,0,0,0,0,0,0,0,0,0,0,0,0,0,0,0,0,0,0,0,0,0,0,0,0,0,0,0,0,0,0,0,0,0,0,0,6831,3445,0,0,0,0,0,0,0,0,0,0,0,0,0,0,0,0,0,0,0,0,0,0,0,0,0,0,0,0,0,0,1208,0,17,0,246,0,0,0,0,0,0,0,0,0,1,0,225,0,2,0,0,0,0,0,0,0,2411,0,14,0,87,0,0,0,0,0,0,0,191,0,0,0,0,0,3,0,1,0,0,0,0,0,2,0,98,0,256,0,0,0,121,0,0,0,0,0,0,0,0,0,0,0,0,0,0,0,0,0,0,0,0,0,0,0,0,0,0,0,0,0,0,0,0,0,0,0,0,0,0,0,0,0,0,0,0,0,0,0,0,0,0,0,0,0,0,0,0,0,0,0,1,0,0,0,0,0,1,0,0,0,0,0,0,1,52,0,0,0,0,0,0,0,0,0,0,0,641,0,0,0,0,0,0,0,0,0,0,0,0,0,0,0,0,0,0,0,0,0,0,0,0,0,0,0,0,0,0,0,0,0,0,0,0,0,0,0,0
CV_KF686344.1_7090-7129,0,0,0,0,0,0,0,148,0,63,0,0,0,0,0,0,0,0,0,0,0,0,0,37,72,0,0,0,0,0,0,0,0,0,0,0,726,120,0,0,0,0,0,0,0,0,0,0,0,0,0,0,0,0,0,0,0,0,0,0,0,0,88,0,0,0,0,0,0,0,0,0,0,0,0,0,28,0,0,0,0,0,0,0,0,0,0,0,0,0,0,0,0,0,0,0,0,0,0,0,0,0,0,0,0,46,0,39,0,109,0,257,0,0,0,0,0,2,0,0,0,0,0,0,0,0,0,0,0,0,0,0,0,0,0,2,0,24,0,75,0,0,0,0,0,1,0,0,0,129,0,0,0,0,0,3,0,0,0,4,0,105,0,22,0,0,0,0,0,0,0,0,0,0,0,0,0,0,0,0,0,0,0,0,0,0,0,174,0,0,0,0,0,0,0,0,0,0,0,0,0,0,0,0,0,0,0,0,0,0,0,0,0,46,0,0,0,0,0,15,0,0,0,0,0,0,0,0,0,0,0,0,0,0,0,30,0,0,0,11,0,0,0,3,0,0,0,0,0,0,0,0,0,0,0,0,0,0,0,0,0,0,0,0,0,0,0,0,0,0,0,0,0,0,0,0,0,0,0,0,0,0,0,0,0,0,0,0
CV_MK462255.1_9421-9460,0,0,0,0,0,0,0,0,0,0,0,0,0,0,0,0,0,0,0,0,0,0,0,0,0,0,0,0,0,0,0,0,0,0,0,0,0,0,0,0,0,0,0,0,0,0,0,0,0,0,0,0,0,0,0,0,0,0,0,0,0,0,0,0,0,0,0,0,0,0,0,0,0,0,0,0,0,0,0,0,0,0,0,0,0,0,0,180,0,0,0,0,0,0,0,0,0,0,0,0,0,0,0,0,0,5,0,0,0,0,0,0,0,0,0,0,0,11,0,0,0,0,0,0,0,0,0,0,0,0,0,0,0,0,0,0,0,0,0,141,0,0,0,0,0,0,0,0,0,0,0,0,0,0,0,0,0,18,0,0,0,0,0,0,0,0,0,0,0,0,0,0,0,0,0,0,0,0,0,0,0,0,0,0,0,0,0,0,0,0,0,0,0,0,0,0,0,0,0,0,0,0,0,0,0,0,0,0,0,0,0,0,0,0,0,0,0,0,0,0,0,0,0,0,0,0,0,0,0,0,0,0,0,0,0,0,0,0,0,0,0,0,0,0,0,0,0,0,0,0,0,0,0,0,0,0,0,0,0,0,0,0,0,0,0,0,0,0,0,0,0,0,0,0,0,0,0,0,0,0,0,0,0,0,0,0,0,0
CV_MK462255.1_25866-25905,0,0,0,0,0,0,0,1130,0,252,0,940,0,0,0,0,0,582,0,0,0,0,0,147,0,0,0,0,2,0,0,0,0,0,0,0,775,0,0,0,0,0,0,0,291,0,0,0,0,0,0,0,0,0,0,0,0,0,0,0,0,0,194,374,0,0,0,0,0,0,1644,0,0,0,0,0,206,0,0,0,0,0,0,0,0,0,0,0,0,0,0,0,0,0,0,0,0,0,0,0,0,0,0,1862,0,209,0,0,0,0,0,0,0,0,0,3,0,1015,0,1392,0,0,0,0,0,0,0,0,0,305,0,405,0,0,0,1,0,0,0,0,0,0,0,0,0,0,0,5,0,0,0,0,0,6,0,289,0,1358,0,1,0,99,0,0,0,566,0,0,0,147,0,0,0,0,0,0,0,0,0,1,0,390,0,468,0,0,0,457,0,0,0,456,0,0,0,0,0,0,0,2,0,0,0,0,0,1192,0,0,0,0,0,0,0,0,0,174,0,0,0,487,0,0,0,0,0,0,0,9,0,1,0,0,0,0,0,27,0,0,0,1,0,423,0,359,0,0,0,0,0,1125,0,0,0,0,0,0,0,0,0,0,0,0,0,0,0,187,0,569,0,8,0,0,0,0,0,0,0,0,0,1,0,0,0,0,0,0,0,0
CV_MK462255.1_29968-30007,0,0,0,0,0,0,0,0,0,0,0,0,0,0,0,0,748,0,0,0,0,0,0,0,1,0,0,0,0,0,0,0,0,0,0,0,0,0,0,0,0,0,0,0,0,0,0,0,0,0,0,0,0,0,0,0,0,0,0,0,0,0,0,0,0,0,0,0,0,0,0,0,0,0,0,0,0,0,0,0,0,0,0,0,0,0,0,0,0,0,0,0,0,0,0,0,0,0,0,0,0,0,0,0,0,0,0,0,0,0,0,0,0,0,0,0,0,0,0,0,0,0,0,0,0,0,0,0,0,0,0,0,0,0,0,0,0,0,0,0,0,0,0,0,0,0,0,0,0,0,0,0,0,0,0,0,0,0,0,0,0,0,0,58,0,0,0,0,0,0,0,0,0,0,0,0,0,0,0,0,0,0,0,0,0,0,0,0,0,0,0,0,0,0,0,0,0,0,0,0,0,0,0,0,0,0,0,0,0,0,0,0,0,0,0,0,0,0,0,0,0,0,0,0,0,0,0,0,0,0,0,0,0,0,0,0,0,0,0,0,0,0,0,0,0,0,0,0,0,0,0,0,0,0,0,0,0,0,0,0,0,0,0,0,0,0,0,0,0,0,0,0,0,0,0,0,0,0,0,0,0,0,0,0,0,0,0,0
CV_MK062184.1_15028-15067,0,0,0,0,0,0,1,0,0,1601,0,2182,0,0,0,0,0,0,1,0,0,0,0,0,0,0,0,0,14,0,0,0,0,0,2,2,0,120,1,0,1,0,0,0,0,0,1,0,0,0,0,12,0,0,2,0,0,2,5,0,0,0,0,774,0,0,0,0,0,0,0,1,0,0,0,1,9750,0,0,0,0,0,0,0,0,0,0,10934,0,0,0,0,0,0,0,1,0,0,0,0,0,0,0,254,0,1034,0,88,0,0,0,0,0,0,1,407,0,0,0,1,0,0,0,0,0,0,0,0,0,5,0,73,0,532,0,525,0,156,0,0,0,66,0,51,0,0,0,18,0,0,0,0,0,0,0,0,0,0,0,0,0,5,0,109,0,0,0,1206,0,14,0,0,0,0,0,0,0,0,0,0,0,0,0,50,0,0,0,0,0,114,0,0,0,0,0,264,0,0,0,0,0,0,0,1,0,0,0,0,1,148,0,519,1,6003,0,76,0,1,0,0,0,0,0,0,0,0,0,386,0,0,0,0,0,0,0,4,0,68,1,3351,0,993,0,0,0,313,0,73,1,3,0,0,0,0,0,0,0,1,0,0,0,16,0,0,0,271,0,2,0,234,0,5,0,0,0,0,0,0,0,0,0,0,0,0,0,0,0,0
CV_MK062184.1_15760-15799,0,0,0,0,0,0,3,0,0,1943,0,4507,0,0,0,0,0,0,0,0,0,0,0,0,0,0,0,0,43,0,0,1,0,0,8,2,0,0,0,0,2,0,0,0,0,0,0,0,0,0,0,21,0,0,6,0,0,1,2,0,1,0,0,0,0,0,0,0,1,0,0,0,0,0,0,1,19705,0,0,0,0,0,0,0,1,0,0,20465,0,0,0,0,2,0,0,0,0,0,0,0,0,0,0,773,0,1096,0,0,0,0,0,0,0,0,0,145,0,207,0,2,0,0,0,1,0,0,0,0,0,783,0,381,1,925,0,0,0,93,0,185,0,0,0,0,0,0,0,1,0,0,0,0,0,0,0,441,0,587,0,117,0,63,0,114,0,1,0,1494,0,0,0,0,0,0,0,0,0,1,0,0,0,239,0,226,0,0,0,0,0,0,0,0,0,0,0,0,0,0,0,0,0,0,0,0,0,0,0,0,0,299,0,118,3,5900,0,0,0,0,0,0,0,0,0,0,0,0,0,174,0,0,0,0,0,0,0,22,0,0,0,188,0,166,0,0,0,0,0,0,0,180,0,0,0,0,0,0,0,0,0,0,0,492,0,0,0,80,0,0,0,0,2,1,0,0,0,1,0,0,0,0,0,0,0,0,0,0,0,0
CV_MK062184.1_29788-29827,0,0,0,0,0,0,0,0,0,0,0,0,0,0,0,0,0,0,0,0,0,0,0,0,0,0,0,0,0,0,0,0,0,0,0,0,0,0,0,0,0,0,0,0,0,0,0,0,0,0,0,0,0,0,0,0,0,0,0,0,0,0,0,0,0,0,0,0,0,0,0,0,0,0,0,0,1,0,0,0,0,0,0,0,0,0,0,0,0,0,0,0,0,0,0,0,0,0,0,0,0,0,0,0,0,0,0,0,0,0,0,0,0,0,0,0,0,0,0,0,0,0,0,0,0,0,0,0,0,0,0,0,0,0,0,0,0,0,0,0,0,0,0,0,0,0,0,0,0,0,0,0,0,0,0,0,0,0,0,0,0,0,0,0,0,0,0,0,0,0,0,0,0,0,0,0,0,0,0,0,0,0,0,0,0,0,0,0,0,0,0,0,0,0,0,0,0,0,0,0,0,0,0,0,0,0,0,0,0,0,0,0,0,0,0,0,0,0,0,0,0,0,0,0,0,0,0,0,0,0,0,0,0,0,0,0,0,0,0,0,0,0,0,0,0,0,0,0,0,0,0,0,0,0,0,0,0,0,0,0,0,0,0,0,0,0,0,0,0,0,0,0,0,0,0,0,0,0,0,0,0,0,0,0,0,0,0,0
CV_MG428704.1_2737-2776,0,0,0,0,0,0,0,648,0,0,0,0,0,0,0,0,0,0,0,0,0,0,0,0,0,0,0,0,0,0,0,0,0,0,0,0,0,0,0,0,0,0,0,0,0,0,0,0,0,0,0,0,0,0,0,0,0,0,0,0,0,0,0,0,0,0,0,0,0,0,0,0,0,0,0,0,0,0,0,0,0,0,0,0,0,0,0,0,0,0,0,0,0,0,0,0,0,0,0,0,0,0,0,0,0,6,0,0,0,0,0,1,0,0,0,0,0,0,0,0,0,0,0,0,0,0,0,0,0,0,0,0,0,0,0,0,0,0,0,0,0,0,0,0,0,0,0,0,0,0,0,0,0,0,0,0,0,0,0,0,0,0,0,0,0,0,0,0,0,0,0,0,0,0,0,0,0,0,0,0,0,0,0,0,0,0,0,0,0,0,0,0,0,0,0,0,0,0,0,0,0,0,0,0,0,0,0,0,0,0,0,0,0,0,0,0,0,0,0,0,0,0,0,0,0,0,0,0,0,0,0,0,0,0,0,0,0,0,0,0,0,0,0,0,0,0,0,0,0,0,0,0,0,0,0,0,0,0,0,0,0,0,0,0,0,0,0,0,0,0,0,0,0,0,0,0,0,0,0,0,0,0,0,0,0,0,0,0
CV_MG428704.1_7822-7861,0,0,0,0,0,0,0,0,0,0,0,0,0,0,0,0,0,0,0,0,0,0,0,187,0,0,0,0,0,0,0,0,0,0,0,0,1461,225,0,1,0,0,0,0,0,0,0,0,0,0,0,0,0,0,0,0,0,0,0,0,0,0,0,0,0,0,0,0,0,0,0,0,0,0,0,0,0,0,0,0,0,0,0,0,0,0,0,0,0,0,0,0,0,0,0,0,0,0,0,0,0,300,0,21,0,84,0,0,0,0,0,0,0,0,0,0,0,0,0,0,0,0,0,0,0,0,0,0,0,0,0,0,0,0,0,0,0,0,0,0,0,0,0,0,0,0,0,0,0,0,0,0,0,0,0,0,0,0,0,0,0,0,0,167,0,0,0,24,0,0,0,0,0,0,0,0,0,0,0,0,0,0,0,0,0,0,0,0,0,0,0,0,0,0,0,0,0,0,0,0,0,0,0,0,0,0,0,0,0,0,0,0,0,0,0,308,0,0,0,0,0,0,0,0,0,0,0,0,0,0,0,0,0,0,0,26,0,0,0,9,0,0,0,0,0,0,0,0,0,0,0,0,0,0,0,0,0,0,0,0,0,0,0,0,0,0,0,0,0,0,0,0,0,0,0,0,0,0,0,0,0,0,0,0,0,0,0,0
CV_MG428704.1_20466-20505,0,0,0,0,0,0,0,0,0,0,0,0,0,0,0,0,0,0,0,0,0,5,0,0,15,0,0,0,0,0,0,0,0,18,0,0,6,0,0,0,0,0,321,0,0,0,0,0,0,0,0,0,0,0,0,0,45,0,0,0,1,0,0,0,0,0,0,0,0,0,0,0,7,0,0,0,3,0,0,0,0,0,0,0,0,0,0,0,0,0,0,0,0,0,0,0,0,0,0,0,0,0,0,19,0,46,0,0,0,0,0,0,0,0,0,0,0,308,0,14,0,0,0,0,0,0,0,0,0,31,0,33,0,17,0,97,0,0,0,159,0,0,0,0,0,0,0,0,0,0,0,0,0,0,0,162,0,175,0,0,0,1,0,0,0,0,0,0,0,0,0,0,0,0,0,0,0,1,0,0,0,1,0,3,0,202,0,0,0,0,0,0,0,50,0,0,0,0,0,0,0,0,0,0,0,0,0,0,0,6,0,1,0,11,0,0,0,0,0,0,0,0,0,0,0,0,0,0,0,0,0,0,0,0,0,0,0,36,0,0,0,0,0,1,0,0,0,0,0,26,0,0,0,0,0,0,0,0,0,0,0,2,0,0,1,38,0,0,0,0,0,0,0,0,0,0,0,0,0,0,0,0,0,0,0,0,0,0
CV_FJ415324.1_6542-6581,0,0,0,0,0,0,0,0,0,0,0,0,0,0,0,0,0,0,0,0,0,0,0,0,0,0,0,0,0,0,0,0,0,0,0,0,0,0,0,0,0,0,0,0,0,0,0,0,0,0,0,0,0,0,0,0,0,0,0,0,0,0,0,0,0,0,0,0,0,0,0,0,0,0,0,0,0,0,0,0,0,0,0,0,0,0,0,0,0,0,0,0,0,0,0,0,0,0,0,0,0,0,0,0,0,0,0,0,0,0,0,0,0,0,0,0,0,0,0,0,0,0,0,0,0,0,0,0,0,0,0,0,0,0,0,0,0,0,0,0,0,0,0,54,0,0,0,0,0,0,0,0,0,0,0,0,0,0,0,0,0,0,0,45,0,0,0,0,0,0,0,0,0,0,0,0,0,0,0,0,0,0,0,0,0,0,0,0,0,0,0,0,0,0,0,0,0,0,0,0,0,0,0,0,0,0,0,0,0,0,0,0,0,0,0,0,0,0,0,0,0,0,0,0,0,0,0,0,0,0,0,0,0,0,0,0,0,0,0,0,0,0,0,0,0,0,0,0,0,0,0,0,0,0,0,0,0,0,0,0,0,0,0,0,0,0,0,0,0,0,0,0,0,0,0,0,0,0,0,0,0,0,0,0,0,0,0,0
CV_FJ415324.1_8530-8569,0,0,0,0,0,0,0,0,0,0,0,0,0,0,0,0,0,0,0,0,0,0,0,0,255,0,0,0,0,0,0,0,0,50,0,0,1,0,0,0,0,0,0,0,0,0,0,0,1,0,0,0,0,0,0,0,0,0,0,0,0,0,262,0,0,0,0,0,0,0,0,0,0,0,0,0,124,0,0,0,0,0,0,0,0,0,0,0,0,0,0,0,0,0,0,0,0,0,0,0,0,102,0,107,0,498,0,214,0,0,0,0,0,8,0,0,0,584,0,2,0,0,0,1,0,0,0,0,0,143,0,254,0,296,0,127,0,0,0,245,0,0,0,0,0,0,0,1,0,0,0,0,0,0,0,371,0,393,0,122,0,387,0,71,0,0,0,0,0,0,0,0,0,0,0,0,0,2,0,0,0,47,0,7,0,363,0,0,0,0,0,0,0,509,0,0,0,0,0,0,0,0,0,0,0,0,0,0,0,0,0,0,0,203,0,0,0,0,0,225,0,0,0,0,0,0,0,0,0,0,0,0,0,0,0,82,0,0,0,51,0,0,0,97,0,6,0,0,0,4,0,0,0,0,0,1,0,0,0,0,0,23,0,0,0,0,0,0,0,1,0,0,0,109,0,0,0,0,0,0,0,0,0,0,0,0,0,0
CV_FJ415324.1_9487-9526,0,0,0,0,0,0,0,0,0,0,0,0,0,0,0,4,0,0,0,0,0,0,0,0,165,0,0,0,0,0,0,0,0,0,0,0,0,18,0,0,0,0,0,0,0,0,0,0,0,0,0,0,0,0,0,0,0,0,0,0,0,0,0,0,0,0,0,0,0,0,0,0,0,0,0,0,0,0,0,0,0,0,0,0,0,0,0,0,0,0,0,0,0,0,0,0,0,0,0,0,0,0,0,0,0,6,0,0,0,0,0,0,0,0,0,0,0,0,0,0,0,0,0,0,0,0,0,0,0,0,0,0,0,0,0,0,0,3,0,0,0,0,0,0,0,0,0,0,0,0,0,0,0,0,0,0,0,0,0,0,0,55,0,0,0,0,0,0,0,0,0,0,0,0,0,0,0,0,0,0,0,0,0,0,0,0,0,16,0,0,0,0,0,35,0,0,0,0,0,0,0,0,0,0,0,0,0,0,0,0,0,0,0,0,0,0,0,0,0,0,0,0,0,0,0,0,0,0,0,0,0,0,0,0,0,10,0,0,0,0,0,0,0,0,0,0,0,0,0,0,0,0,0,0,0,0,0,0,0,0,0,0,0,0,0,0,0,0,0,0,0,0,0,0,0,0,0,0,0,0,0,0,0,0,0,0,0,0
CV_NC_045512.2_32-471:mt,0,0,0,0,2,0,3,7,0,133,0,2,1399,0,0,0,30,1,0,1,10,3,0,27,2,0,0,0,0,0,1,0,0,0,4,0,0,0,0,0,0,0,1,118,0,0,7,1,0,3,0,0,0,0,11,0,3,4,0,4,1,0,3,54,0,0,0,0,0,214,1,0,7,0,0,1,9,0,0,0,0,0,0,0,0,0,0,0,0,0,0,0,0,0,0,0,0,4,0,0,0,0,0,0,0,20,0,13,0,116,0,0,0,0,0,0,0,10,0,1,0,0,0,1,0,0,0,8,0,1,0,10,0,0,0,0,0,0,0,2,0,0,0,0,0,0,0,0,0,12,0,0,0,0,0,34,0,12,0,0,0,28,0,19,0,0,0,0,0,0,0,0,0,0,0,0,0,0,0,0,0,0,0,0,0,22,0,85,0,0,0,0,0,1,0,54,0,0,0,0,0,0,0,0,0,0,0,0,0,0,0,0,0,42,0,43,0,2,0,1,0,1,0,0,0,0,0,0,0,0,0,0,0,0,0,0,0,0,0,0,0,0,0,13,0,0,0,2,0,0,0,0,0,0,0,0,0,0,0,0,0,0,0,0,0,0,0,0,0,0,0,0,0,33,0,0,0,0,0,0,0,0,0,0,0,0,0,0
CV_NC_045512.2_32-471:wt_C-T,0,0,1,621,6537,168,1318,2014,104,867,73,1956,5967,0,0,0,516,1547,0,846,1978,5725,0,740,340,4,0,0,1,3515,3240,0,0,1327,5919,0,3648,217,0,1,13,1,522,1137,976,0,1514,342,0,701,775,1,0,1,8325,0,4681,881,0,522,118,0,1050,943,0,0,0,0,0,1956,81,0,3221,75,0,110,320,137,0,0,0,1,95,592,2,322,3068,1074,1,38,7,4,2,0,3,0,0,378,0,0,0,16,0,1,0,86,0,500,0,816,1,197,0,1,0,1,0,34,0,302,0,0,0,18,0,0,0,1654,0,1,0,12,0,634,0,121,0,40,0,632,0,3,0,81,0,0,0,0,0,806,0,0,0,0,0,128,0,78,1,154,0,199,0,88,0,379,0,0,0,1,0,0,0,0,0,0,0,1,0,0,0,4,0,0,0,31,0,360,0,1,0,81,0,391,0,546,0,0,0,0,0,0,0,0,0,57,0,0,0,1,0,0,0,331,0,149,0,110,0,127,0,297,0,0,0,0,0,0,0,0,0,0,0,0,0,115,0,0,0,15,0,0,0,1,0,2,0,116,0,1,0,0,0,0,0,1,0,0,0,1,0,1,0,1,0,11,0,26,0,5,0,1,0,137,0,0,0,0,0,1,0,0,0,0,0,0,0,1
CV_NC_045512.2_305-744:mt,0,0,0,0,0,0,0,0,0,0,0,0,0,0,0,0,0,0,0,0,0,0,0,0,0,0,0,0,0,0,0,0,0,0,0,0,0,0,0,0,0,0,0,0,0,0,0,0,0,0,0,0,0,0,0,0,0,0,0,0,0,0,0,0,0,0,0,0,0,0,0,0,0,0,0,0,4,0,0,0,0,0,0,0,0,0,0,0,0,0,0,0,0,0,0,0,0,0,0,0,0,0,0,1,0,0,0,0,0,0,0,0,0,0,0,0,0,0,0,0,0,0,0,0,0,0,0,0,0,0,0,0,0,0,0,0,0,0,0,0,0,0,0,0,0,0,0,0,0,0,0,0,0,0,0,0,0,0,0,0,0,0,0,0,0,0,0,2,0,0,0,0,0,0,0,0,0,0,0,0,0,0,0,0,0,0,0,0,0,0,0,0,0,0,0,0,0,0,0,0,0,0,0,0,0,0,0,0,0,1,0,0,0,1,0,0,0,0,0,0,0,0,0,0,0,0,0,2,0,0,0,0,0,0,0,0,0,0,0,4,0,0,0,0,0,0,0,0,0,0,0,0,0,0,0,0,0,0,0,0,0,0,0,0,0,0,0,0,0,1,0,0,0,0,0,0,0,0,0,0,0,0,0,0,0,0,0,0
CV_NC_045512.2_305-744:wt_T-C,0,0,0,0,0,0,0,0,0,0,0,0,0,0,0,0,0,0,0,0,0,0,0,0,0,0,0,0,0,0,0,0,0,0,0,0,0,0,0,0,0,0,0,0,0,0,0,0,0,0,0,0,0,0,0,0,0,0,0,0,0,0,0,0,0,0,0,0,0,0,0,0,0,0,0,0,4,0,0,0,0,0,0,0,0,0,0,1,0,0,0,0,0,0,0,0,0,0,0,0,0,0,0,0,0,1,0,0,0,0,0,0,0,0,0,0,0,0,0,0,0,0,0,0,0,0,0,0,0,0,0,0,0,0,0,2,0,1,0,0,0,0,0,0,0,0,0,0,0,0,0,0,0,0,0,0,0,0,0,0,0,0,0,0,0,0,0,2,0,0,0,0,0,0,0,0,0,0,0,0,0,0,0,0,0,0,0,0,0,0,0,0,0,0,0,0,0,0,0,0,0,0,0,0,0,0,0,0,0,1,0,1,0,0,0,0,0,0,0,0,0,0,0,0,0,0,0,2,0,0,0,0,0,0,0,0,0,0,0,9,0,0,0,0,0,2,0,0,0,0,0,0,0,0,0,0,0,0,0,0,0,0,0,0,0,0,0,0,0,2,0,0,0,0,0,0,0,0,0,0,0,0,0,0,0,0,0,0
CV_NC_045512.2_1188-1627:mt,0,0,0,0,0,28,0,0,0,52,0,373,0,0,0,0,0,0,0,0,0,0,0,506,192,0,0,0,2,0,0,0,0,0,0,0,424,759,0,0,0,1,0,0,0,0,0,0,0,0,509,1,0,0,1,0,0,0,0,1,0,0,386,0,0,0,0,0,0,0,0,0,0,0,0,1,1901,0,0,0,0,0,0,0,0,0,0,2253,0,0,0,0,0,0,0,0,0,0,0,0,0,458,0,30,0,207,0,2,0,0,0,232,0,0,0,9,0,0,0,33,0,0,0,4,0,0,0,18,0,19,0,30,0,442,0,0,0,85,0,0,0,0,0,197,0,0,0,1,0,0,0,0,0,1,0,0,0,0,0,354,0,32,0,171,0,507,0,62,0,7,0,0,0,0,0,0,0,0,0,0,0,0,0,10,0,0,0,138,0,66,0,9,0,0,0,191,0,0,0,0,0,0,0,0,0,281,0,0,0,18,0,56,0,2767,0,478,0,415,0,0,0,0,0,0,0,0,0,11,0,0,0,0,0,0,0,48,0,0,0,628,0,76,0,0,0,0,0,228,1,58,0,0,0,0,0,0,0,0,0,0,0,29,0,0,0,404,0,0,0,1,0,72,0,101,0,0,0,0,0,0,0,0,0,0,0,0,0,0
CV_NC_045512.2_1188-1627:wt_G-A,0,0,0,0,1766,94,2,655,0,1218,570,2471,0,0,0,0,0,0,0,0,0,0,0,470,343,0,0,0,10,0,0,2,0,0,0,0,1,1307,1,0,0,1,0,0,0,0,0,0,0,76,1,6,0,0,0,0,0,0,2,0,1,0,398,255,0,0,0,0,0,0,0,1,0,0,0,0,5867,0,0,0,0,0,0,0,1,0,0,8424,0,0,0,0,0,0,0,0,0,0,0,0,0,1031,0,17,0,572,0,0,0,567,0,0,0,0,0,102,0,0,0,1764,0,0,0,1077,0,1,0,2771,0,0,0,166,0,0,0,92,0,252,0,0,0,0,0,339,0,0,0,8,0,0,0,0,0,3,0,79,0,0,0,238,0,0,0,199,0,529,0,666,0,25,0,0,0,1,0,0,0,0,0,0,0,0,0,57,0,0,0,0,0,2,0,855,0,0,0,109,0,0,0,0,0,0,0,0,0,600,0,0,0,113,0,318,1,9411,0,292,0,2,0,0,0,0,0,0,0,0,0,114,0,0,0,0,0,1,0,75,0,1,0,1692,0,97,0,0,0,0,0,5,0,165,0,0,0,0,0,1,0,0,0,0,0,3,0,0,0,520,0,1,0,51,0,82,0,4,0,0,0,0,0,0,0,0,0,0,0,0,0,0
CV_NC_045512.2_2828-3267:mt,0,0,0,0,0,0,0,0,0,5,0,13,0,0,0,0,0,0,0,0,0,0,0,0,0,0,0,0,0,0,0,0,0,0,0,0,1,0,0,0,0,0,0,0,0,0,0,0,0,0,0,2,0,0,0,0,0,0,1,0,0,0,0,0,0,0,0,0,0,0,0,0,0,0,0,0,136,0,0,0,0,0,0,0,0,0,0,409,0,0,0,0,0,0,0,0,0,0,0,0,0,0,0,0,0,91,0,0,0,0,0,0,0,0,0,0,0,2,0,0,0,0,0,1,0,0,0,0,0,0,0,0,0,46,0,0,0,9,0,70,0,0,0,0,0,0,0,0,0,0,0,0,0,0,0,6,0,0,0,20,0,83,0,0,0,0,0,0,0,0,0,0,0,0,0,0,0,1,0,0,0,0,0,0,0,0,0,0,0,0,0,0,0,77,0,0,0,0,0,0,0,0,0,0,0,0,0,0,0,0,0,0,0,2156,0,0,0,0,0,0,0,0,0,0,0,0,0,0,0,0,0,0,0,0,0,2,0,0,0,81,0,0,0,0,0,0,0,0,0,0,0,0,0,0,0,0,0,0,0,0,0,0,0,0,0,1,0,0,0,0,0,0,0,1,0,0,0,0,0,0,0,0,0,0,0,0,0,0
CV_NC_045512.2_2828-3267:wt_C-T,0,0,0,0,0,0,0,0,0,1164,0,3035,0,0,0,0,1,0,0,0,0,0,0,0,0,0,0,0,2,1,1,0,0,0,0,0,188,0,0,0,0,0,1,0,0,0,1,1,0,0,0,2,0,0,1,0,0,0,0,0,1,0,0,0,0,0,0,0,0,0,0,0,0,0,0,0,2625,0,0,0,0,0,0,0,0,0,1,17224,0,0,0,0,0,0,0,0,0,0,0,0,0,0,0,0,0,128,0,0,0,361,0,112,0,0,0,0,0,17,0,1,0,0,0,0,0,0,0,0,0,0,0,1,0,57,0,7,0,11,0,226,0,0,0,21,0,0,0,0,0,0,0,0,0,0,0,18,0,4,0,25,0,143,0,0,0,0,0,1,0,0,0,0,0,0,0,0,0,1,0,0,0,0,0,0,0,5,0,68,0,0,0,0,0,0,0,0,0,0,0,0,0,0,0,0,0,10,0,0,0,0,0,0,0,306,0,0,0,0,0,16,0,0,0,0,0,0,0,0,0,0,0,0,0,0,0,119,0,0,0,29,0,0,0,0,0,0,0,0,0,0,0,0,0,0,0,0,0,0,0,0,0,0,0,0,0,18,0,1,0,0,0,0,0,24,0,0,0,0,0,0,0,0,0,0,0,0,0,0
CV_NC_045512.2_8573-9012:mt,0,0,1,0,1,0,0,0,0,933,0,625,0,0,0,0,0,2,0,1,0,0,0,22,210,0,0,0,5,0,0,0,0,0,0,0,0,0,0,0,0,0,0,0,0,0,0,0,0,0,2,2,0,0,0,0,0,0,0,0,0,0,0,226,0,0,0,0,0,0,0,0,0,0,0,0,1433,0,0,0,0,0,0,0,0,0,0,2979,0,0,0,0,0,0,0,0,0,0,0,0,0,1,0,17,1,455,0,2,0,191,0,151,0,0,0,2,0,71,0,0,0,0,0,0,0,0,0,0,0,23,0,144,0,122,0,266,0,31,0,87,0,0,0,101,0,0,0,5,0,0,0,0,0,0,0,74,0,18,0,13,0,24,0,28,0,0,0,12,0,0,0,0,0,0,0,0,0,0,0,1,0,21,0,0,0,95,0,84,0,0,0,185,0,0,0,11,0,0,0,0,0,0,0,0,0,48,0,0,0,0,0,4,0,4395,0,2,0,0,0,0,0,0,0,0,0,0,0,3,0,0,0,0,0,0,0,58,0,0,0,1801,0,6,0,56,0,1,0,0,0,0,0,0,0,0,0,0,0,0,0,0,0,13,0,11,0,5,0,0,0,8,0,0,0,0,0,0,0,0,0,0,0,0,0,0,0,0,0,0
CV_NC_045512.2_8573-9012:wt_C-T,0,0,0,0,592,0,0,0,0,111,0,681,0,0,0,0,0,172,0,0,0,0,0,0,43,0,0,0,3,0,1,0,0,0,0,0,337,0,0,0,0,0,0,0,0,0,0,0,0,0,113,0,0,0,0,0,0,0,3,0,0,0,0,0,1,0,0,0,0,0,0,0,1,0,0,0,901,0,0,0,0,0,0,0,0,0,0,2462,0,0,0,0,0,0,0,0,0,0,0,0,0,87,0,93,0,2068,0,159,0,1,0,118,0,0,0,89,0,117,0,141,0,0,0,3,0,0,0,0,0,48,0,183,0,932,1,572,0,136,0,139,0,2,0,0,0,0,0,29,0,0,0,0,0,0,0,66,0,0,0,91,0,36,0,0,0,0,0,531,0,0,0,1,0,0,0,0,0,0,0,0,0,12,0,9,0,5,0,0,0,0,0,3,0,0,0,267,0,0,0,0,0,0,0,0,0,35,0,0,0,21,0,74,1,27048,0,116,0,1,0,157,0,0,0,0,0,0,0,94,0,0,0,0,0,0,0,5,0,73,0,7373,0,122,0,3,0,9,0,0,0,0,0,0,0,0,0,0,0,0,0,1,0,15,0,0,0,132,0,0,0,78,1,2,0,1,0,0,0,0,0,0,0,0,0,0,0,0,0,0
CV_NC_045512.2_10874-11313:mt,0,0,0,0,0,0,0,0,0,0,0,0,0,0,0,0,0,0,0,0,0,0,0,0,0,0,0,0,0,0,0,0,0,0,0,0,0,0,0,0,0,0,0,0,0,0,0,0,0,0,0,0,0,0,0,0,0,0,0,0,0,0,0,0,0,0,0,0,0,0,0,0,0,0,0,0,0,0,0,0,0,0,0,0,0,0,0,0,0,0,0,0,0,0,0,0,0,0,0,0,0,0,0,0,0,0,0,0,0,11,0,0,0,0,0,0,0,0,0,0,0,0,0,0,0,0,0,0,0,0,0,0,0,0,0,0,0,0,0,1,0,0,0,0,0,0,0,0,0,0,0,0,0,0,0,0,0,0,0,0,0,310,0,0,0,0,0,0,0,0,0,0,0,0,0,0,0,0,0,0,0,0,0,0,0,0,0,0,0,0,0,0,0,0,0,0,0,0,0,0,0,0,0,0,0,0,0,0,0,0,0,0,0,0,0,0,0,0,0,0,0,0,0,0,0,0,0,0,0,0,0,0,0,0,0,42,0,0,0,0,0,0,0,0,0,0,0,0,0,0,0,0,0,0,0,0,0,0,0,0,0,0,0,0,0,0,0,0,0,0,0,0,0,0,0,0,0,0,0,0,0,0,0,0,0,0,0,0
CV_NC_045512.2_10874-11313:wt_G-T,0,0,0,0,0,0,0,0,0,0,0,0,0,0,0,0,0,0,0,0,0,0,0,0,0,0,0,0,0,0,0,0,0,0,0,0,0,0,0,0,0,0,0,0,0,0,0,0,0,11,0,0,0,0,0,0,0,0,0,0,0,0,0,8,0,0,0,0,0,0,0,0,0,0,0,0,0,0,0,0,0,0,0,0,0,0,0,0,0,0,0,0,0,0,0,0,0,0,0,0,0,0,0,0,0,0,0,0,0,0,0,6,0,0,0,0,0,0,0,0,0,0,0,0,0,0,0,0,0,0,0,0,0,0,0,0,0,0,0,0,0,0,0,0,0,0,0,0,0,0,0,0,0,0,0,0,0,0,0,0,0,143,0,0,0,0,0,0,0,0,0,0,0,0,0,0,0,0,0,0,0,0,0,0,0,0,0,6,0,0,0,0,0,0,0,0,0,0,0,0,0,0,0,0,0,0,0,0,0,0,0,0,0,3,0,0,0,0,0,0,0,0,0,0,0,0,0,0,0,0,0,0,0,0,0,53,0,0,0,0,0,0,0,0,0,0,0,0,0,0,0,0,0,0,0,0,0,0,0,0,0,0,0,0,0,2,0,0,0,0,0,0,0,8,0,0,0,0,0,0,0,0,0,0,0,0,0,0
CV_NC_045512.2_14199-14638:mt,0,0,0,0,1,0,0,0,0,4,0,3,0,0,0,0,0,0,0,0,0,0,0,1,0,0,0,0,0,0,0,0,1,0,0,0,0,0,0,0,0,0,0,0,0,0,0,0,0,0,1,1,0,0,0,0,0,0,0,0,0,0,0,0,0,0,0,0,0,0,0,0,0,0,0,0,240,0,0,0,0,0,0,0,0,0,0,13,0,0,0,0,0,0,0,0,0,0,0,0,0,0,0,27,0,403,0,0,0,0,0,0,0,0,0,0,0,103,0,5,0,0,0,0,0,0,0,0,0,10,0,29,0,0,0,0,0,0,0,0,0,0,0,0,0,0,0,2,0,0,0,0,0,0,0,68,0,18,0,62,0,35,0,63,0,0,0,11,0,0,0,0,0,0,0,0,0,0,0,0,0,9,0,2,0,0,0,0,0,2,0,0,0,0,0,0,0,0,0,0,0,0,0,0,0,0,0,0,0,1,0,0,0,1315,0,0,0,0,0,262,0,0,0,0,0,0,0,7,0,0,0,0,0,0,0,0,0,0,0,223,0,10,0,0,0,0,0,0,0,0,0,0,0,0,0,0,0,0,0,0,0,0,0,0,0,0,0,204,0,0,0,0,0,0,0,0,0,0,0,0,0,0,0,0,0,0,0,0
CV_NC_045512.2_14199-14638:wt_C-T,0,0,0,0,0,0,0,0,1,1897,0,1914,0,0,0,0,0,0,0,0,0,0,0,120,0,0,0,0,24,0,0,0,0,0,0,0,0,104,0,0,0,0,0,0,0,0,0,0,0,0,600,13,0,0,0,0,0,0,0,0,0,0,0,263,0,0,0,0,0,0,0,0,0,0,0,1,8963,0,0,0,0,0,0,0,0,0,0,13111,0,0,0,0,0,0,0,0,0,0,0,0,0,0,1,66,0,567,0,0,0,0,0,0,0,0,0,3,0,250,1,801,0,0,0,0,0,0,0,0,0,39,0,22,0,0,0,370,0,0,0,117,0,0,0,0,0,0,0,2,0,0,0,0,0,0,0,144,0,67,0,0,0,43,0,0,0,0,0,5,0,0,0,0,0,0,0,0,0,0,0,0,0,0,0,4,0,0,0,0,0,0,0,0,0,0,0,0,0,0,0,0,0,0,0,0,0,0,0,0,0,1,0,0,0,258,0,0,0,0,0,1,0,0,0,0,0,0,0,2,0,0,0,0,0,0,0,20,0,0,0,14,0,0,0,0,0,0,0,0,0,0,0,0,0,0,0,0,0,0,0,0,0,29,0,39,0,0,0,0,0,0,1,0,0,1,0,0,0,0,0,0,0,0,0,0,0,0,0,0
CV_NC_045512.2_14596-15035:mt,0,0,0,0,0,0,0,0,0,3,0,0,0,0,0,0,0,0,0,0,0,0,0,146,0,0,0,0,0,0,0,0,0,0,0,0,0,0,0,0,0,0,0,0,0,0,0,0,0,0,0,0,0,0,0,0,0,0,0,0,0,0,0,0,0,0,0,0,0,0,0,0,0,0,0,0,129,0,0,0,0,0,0,0,0,0,0,7,0,0,0,0,0,0,0,0,0,0,0,0,0,0,0,0,0,98,0,0,0,0,0,0,0,0,0,0,0,0,0,0,0,0,0,0,0,0,0,0,0,0,0,0,0,290,0,0,0,0,0,0,0,0,0,0,0,0,0,0,0,0,0,0,0,0,0,0,0,0,0,0,0,0,0,0,0,0,0,0,0,0,0,0,0,0,0,0,0,0,0,0,0,0,0,0,0,0,0,0,0,0,0,0,0,0,0,0,0,0,0,0,0,0,0,0,0,0,0,0,0,0,0,0,0,145,0,0,0,0,0,0,0,0,0,0,0,0,0,0,0,0,0,0,0,0,0,0,0,0,0,5,0,0,0,0,0,0,0,0,0,0,0,0,0,0,0,0,0,0,0,0,0,0,0,0,0,0,0,0,0,0,0,0,0,0,0,0,0,0,0,0,0,0,0,0,0,0,0,0
CV_NC_045512.2_14596-15035:wt_C-T,0,0,0,0,0,0,0,0,0,583,0,284,0,0,0,0,0,0,0,0,0,0,0,0,0,0,0,0,0,0,0,0,0,0,1608,0,0,0,0,0,0,0,0,0,0,0,0,0,0,0,0,1,0,0,0,0,0,0,0,0,0,0,0,0,0,0,0,0,0,0,0,0,0,0,0,0,247,0,0,0,0,0,0,0,0,0,0,1306,0,0,0,2,0,0,1,0,0,0,0,0,0,0,0,1,0,304,0,0,0,0,0,0,0,0,0,1,0,0,0,0,0,0,0,0,0,0,0,0,0,0,0,0,0,0,0,69,0,0,0,0,0,0,0,0,0,0,0,0,0,0,0,0,0,0,0,0,0,0,0,0,0,0,0,0,0,0,0,0,0,0,0,0,0,0,0,0,0,0,0,0,0,0,0,0,0,0,0,0,0,0,0,0,0,0,0,0,0,0,0,0,0,0,0,0,0,0,0,0,0,0,0,0,0,754,0,0,0,0,0,0,0,0,0,0,0,0,0,1,0,0,0,0,0,0,0,0,0,0,0,90,0,0,0,0,0,0,0,0,0,0,0,0,0,0,0,0,0,0,0,0,0,0,0,0,0,0,0,0,0,0,0,0,0,0,0,0,0,0,0,0,0,0,0,0,0,0,0,0
CV_NC_045512.2_17538-17977:mt,0,0,0,0,0,0,0,0,0,0,0,0,0,0,0,0,0,0,0,0,0,0,0,0,0,0,0,0,0,0,0,0,0,0,0,0,0,0,0,0,0,0,0,0,0,0,0,0,0,0,0,0,0,0,0,0,0,0,0,0,0,0,0,0,0,0,0,0,0,0,0,0,0,0,0,0,0,0,0,0,0,0,0,0,0,0,0,0,0,0,0,0,0,0,0,0,0,0,0,0,0,0,0,0,0,0,0,0,0,0,0,0,0,0,0,0,0,0,0,0,0,0,0,0,0,0,0,0,0,0,0,0,0,0,0,0,0,0,0,0,0,0,0,0,0,0,0,0,0,0,0,0,0,0,0,0,0,0,0,0,0,0,0,0,0,0,0,0,0,0,0,0,0,0,0,0,0,0,0,0,0,0,0,0,0,0,0,0,0,0,0,0,0,0,0,0,0,0,0,0,0,0,0,0,0,0,0,0,0,0,0,0,0,0,0,0,0,0,0,0,0,0,0,0,0,0,0,0,0,0,0,0,0,0,0,0,0,0,0,0,0,0,0,0,0,0,0,0,0,0,0,0,0,0,0,0,0,0,0,0,0,0,0,0,0,0,0,0,0,0,0,0,0,0,0,0,0,0,0,0,0,0,0,0,0,0,0,0
CV_NC_045512.2_17538-17977:wt_C-T,0,0,0,0,0,0,0,0,0,0,0,0,0,0,0,0,0,0,0,0,0,0,0,0,0,0,0,0,0,0,0,0,0,0,0,0,0,0,0,0,0,0,0,0,0,0,0,0,0,0,0,0,0,0,0,0,0,0,0,0,0,0,0,0,0,0,0,0,0,0,0,0,0,0,0,0,0,0,0,0,0,0,0,0,0,0,0,0,0,0,0,0,0,0,0,0,0,0,0,0,0,0,0,0,0,0,0,0,0,0,0,0,0,0,0,0,0,0,0,0,0,0,0,0,0,0,0,0,0,0,0,0,0,0,0,0,0,7,0,0,0,0,0,0,0,0,0,0,0,0,0,0,0,0,0,0,0,0,0,0,0,0,0,0,0,0,0,0,0,0,0,0,0,0,0,0,0,0,0,0,0,0,0,0,0,0,0,0,0,0,0,0,0,0,0,0,0,0,0,0,0,0,0,0,0,0,0,0,0,0,0,0,0,0,0,0,0,0,0,0,0,0,0,0,0,0,0,0,0,0,0,0,0,0,0,0,0,0,0,0,0,0,0,0,0,0,0,0,0,0,0,0,0,0,0,0,0,0,0,0,0,0,0,0,0,0,0,0,0,0,0,0,0,0,0,0,0,0,0,0,0,0,0,0,0,0,0,0
CV_NC_045512.2_17649-18088:mt,0,0,0,0,0,0,0,2,0,0,0,784,0,0,0,0,0,0,0,0,1,0,0,0,0,0,0,0,2,0,0,0,0,0,0,0,0,0,0,0,0,0,0,0,0,0,0,0,0,1,0,0,0,0,2,0,0,0,0,0,0,0,376,0,0,0,0,0,0,0,0,0,0,0,0,0,883,0,0,0,0,0,0,0,0,0,0,650,0,0,0,0,0,0,0,0,0,0,0,0,0,0,0,3,0,111,0,0,0,0,0,0,0,0,0,31,0,2,0,1,0,0,0,0,0,0,0,0,0,0,0,0,0,0,0,0,0,3,0,0,0,0,0,0,0,0,0,0,0,0,0,0,0,0,0,0,0,0,0,0,0,0,0,0,0,0,1,116,0,0,0,0,0,0,0,0,0,0,0,0,0,0,0,0,0,0,0,0,0,0,0,4,0,1,0,1,0,0,0,0,0,0,0,0,0,0,0,0,0,0,0,0,0,46,0,124,0,0,0,2,0,463,0,0,0,0,0,19,0,0,0,0,0,0,0,0,0,0,0,128,0,0,0,0,0,0,0,28,0,1,0,0,0,0,0,0,0,0,0,0,0,85,0,136,0,2,0,0,0,0,0,1,0,0,0,0,0,0,0,0,0,0,0,0,0,0,0,0
CV_NC_045512.2_17649-18088:wt_A-G,0,0,0,0,0,485,0,605,0,670,6,1571,0,0,0,0,0,0,0,0,178,0,0,119,577,0,0,0,8,0,0,0,0,0,0,0,819,0,0,0,0,0,0,0,369,0,0,0,0,87,0,6,0,0,1327,0,0,0,0,0,0,0,1009,275,0,0,0,0,0,0,0,1,0,0,0,0,3119,218,0,0,1,0,0,0,0,0,0,7630,0,0,0,0,0,0,0,0,0,0,0,0,0,262,0,2,0,352,0,243,0,0,0,680,0,8,0,14,0,53,0,459,0,0,0,1,0,0,0,0,0,1,0,0,0,216,0,281,1,617,0,0,0,0,0,142,0,0,0,10,0,0,0,0,0,2,0,48,0,6,0,396,0,0,0,155,0,0,0,63,0,0,0,0,0,0,0,0,0,0,0,0,0,0,0,3,0,0,1,410,0,0,0,734,0,717,0,114,0,0,0,0,0,0,0,0,0,87,0,0,0,0,0,43,0,8900,0,163,0,0,0,161,0,1,0,0,0,0,0,32,0,0,0,0,0,0,0,106,0,27,0,2887,0,24,0,0,0,0,0,96,0,12,0,0,0,0,0,2,0,0,0,0,0,14,0,0,0,218,0,0,0,2,0,67,0,0,0,0,0,0,0,0,0,0,0,0,0,0,0,0
CV_NC_045512.2_17851-18290:mt,0,0,0,1,1,0,3,0,0,3430,0,5721,0,0,0,0,0,2,0,1,1,0,0,0,0,0,0,0,28,0,1,0,0,1,4,0,0,0,1,0,0,0,0,1,0,0,0,0,0,0,0,24,1,0,7,0,1,0,0,0,0,0,0,0,1,0,0,0,0,0,0,2,0,0,0,1,15163,0,0,0,0,0,0,0,0,0,1,27011,0,0,0,0,1,0,0,0,0,0,0,0,0,0,0,105,1,1799,0,0,0,0,0,0,0,0,0,68,0,101,1,13,0,0,0,3,0,0,0,0,0,17,0,577,0,437,0,735,0,549,0,192,0,0,0,78,0,0,0,25,0,0,0,0,0,0,0,0,0,0,0,0,0,0,0,0,0,11,0,114,0,0,0,0,0,0,0,0,0,1,0,0,0,0,0,9,0,0,0,0,0,1,0,0,0,0,0,12,0,0,0,0,0,1,0,0,0,0,0,0,0,503,0,1036,0,2771,0,0,0,0,0,0,0,68,0,0,0,0,0,148,0,0,0,0,0,0,0,21,0,37,0,7780,0,44,0,0,0,25,0,11,0,2,0,0,0,0,0,0,0,0,0,1,0,85,0,167,0,661,0,0,0,330,0,2,0,0,0,0,0,0,0,0,0,0,0,0,0,0,0,0
CV_NC_045512.2_17851-18290:wt_C-T,0,0,0,0,8,0,1,0,0,649,0,369,0,0,0,0,0,1,0,0,2,0,0,1,0,0,0,0,11,0,0,0,0,0,0,2,0,0,0,0,0,0,0,0,0,0,1,0,0,2,0,5,0,0,0,0,2,0,16,0,0,0,0,0,0,1,0,0,0,0,1,10,0,0,0,0,3088,0,0,0,0,0,0,0,0,0,3,4264,0,0,0,0,0,0,0,0,0,0,0,0,0,2,0,2620,4,24267,1,1950,0,1,0,2,0,0,0,3706,0,988,1,2163,0,1,0,5,0,0,0,1,0,124,0,1829,2,1820,0,7038,0,18187,0,332,0,118,0,895,0,1,0,450,0,0,0,0,0,2,0,0,0,2,0,1,0,0,0,1,1,8808,0,9833,0,36,0,1,0,0,0,1,0,0,0,0,0,0,0,273,0,1,0,1,0,875,0,0,0,0,1,3133,0,0,0,0,0,0,0,2,0,213,0,12,0,864,0,4943,14,123368,0,0,0,11,0,0,0,4,0,0,0,0,0,8407,0,1,0,0,0,0,0,711,0,3576,6,117511,0,7062,0,0,0,796,0,863,0,4,0,0,0,0,0,0,0,0,0,0,0,125,0,6,0,4869,0,0,3,5931,1,7,0,0,0,1,0,0,0,14,0,0,0,0,0,0,0,1
CV_NC_045512.2_21502-21941:mt,0,0,0,0,0,0,0,0,0,0,0,0,1,0,0,0,0,0,0,0,0,0,0,83,0,0,0,0,0,0,0,0,0,0,0,0,0,0,0,0,0,0,0,0,0,0,0,0,0,0,114,0,0,0,0,0,0,0,0,0,0,0,0,0,0,0,0,0,0,0,0,0,0,0,0,0,28,0,0,0,0,0,0,0,0,0,0,0,0,0,0,0,0,0,0,0,0,0,0,0,0,0,0,0,1,11,0,0,0,1,0,0,0,0,0,0,0,0,0,0,0,0,0,0,0,0,0,0,0,0,0,0,0,0,0,0,0,18,0,0,0,0,0,0,0,0,0,0,0,0,0,0,0,0,0,0,0,0,0,0,0,69,0,21,0,0,0,0,0,0,0,0,0,0,0,0,0,0,0,0,0,0,0,0,0,0,0,0,0,0,0,0,0,0,0,0,0,0,0,0,0,0,0,0,0,0,0,0,0,0,0,0,0,3,0,0,0,0,0,0,0,0,0,0,0,0,0,0,0,0,0,0,0,0,0,12,0,0,0,0,0,0,0,0,0,0,0,0,0,0,0,0,0,0,0,0,0,0,0,0,0,0,0,0,0,0,0,0,0,0,0,0,0,0,0,0,0,0,0,0,0,0,0,0,0,0,0,0
CV_NC_045512.2_21502-21941:wt_C-T,0,0,0,0,0,0,0,0,0,0,0,0,0,0,0,0,0,0,0,0,0,0,0,1,0,0,0,0,0,0,0,0,0,0,0,0,0,0,0,0,0,0,0,0,0,0,0,0,0,0,1,0,0,0,0,0,0,0,0,0,0,0,0,0,0,0,0,0,0,0,0,0,0,0,0,0,3,0,0,0,0,0,0,0,0,0,0,0,0,0,0,0,0,0,0,0,0,0,0,0,0,0,0,0,0,31,0,0,0,484,0,0,0,0,0,0,0,1,0,0,0,0,0,0,0,0,0,0,0,0,0,0,0,0,0,4,0,0,0,113,0,0,0,0,0,0,0,0,0,0,0,0,0,0,0,2,0,0,0,0,0,56,0,0,0,1,0,0,0,0,0,0,0,0,0,0,0,0,0,0,0,0,0,0,0,0,0,0,0,0,0,0,0,0,0,0,0,0,0,0,0,1,0,0,0,0,0,0,0,0,0,0,0,334,0,0,0,0,0,0,0,0,0,0,0,0,0,0,0,0,0,0,0,0,0,15,0,0,0,0,0,0,0,0,0,0,0,0,0,0,0,0,0,0,0,0,0,0,0,0,0,0,0,0,0,0,0,0,0,0,0,0,0,0,0,0,0,0,0,0,0,0,0,0,0,0,0,0
CV_NC_045512.2_23194-23633:mt,0,0,0,0,0,0,0,666,0,175,0,0,0,0,0,0,0,1,0,0,0,0,0,209,620,0,0,0,0,0,0,0,0,129,0,0,2,95,0,0,0,0,0,0,0,0,0,0,0,111,194,1,0,0,0,0,0,0,0,0,0,0,491,0,0,0,0,0,0,0,0,0,0,0,0,0,241,24,0,0,0,0,0,0,0,0,0,76,0,0,0,0,0,0,0,0,0,0,0,0,0,45,0,14,0,141,0,355,0,0,0,1,0,0,0,1,0,50,0,0,0,0,0,0,0,0,0,0,0,0,0,76,0,0,0,121,0,50,0,0,0,0,0,33,0,0,0,0,0,0,0,0,0,1,0,150,0,63,0,674,0,71,0,63,0,421,0,8,0,0,0,0,0,0,0,0,0,0,0,0,0,10,0,2,0,0,0,0,0,0,0,600,0,0,0,136,0,0,0,0,0,0,0,0,0,0,0,0,0,1,0,9,0,866,0,446,0,308,0,0,0,0,0,0,0,0,0,2,0,0,0,0,0,0,0,17,0,69,0,57,0,11,0,1,0,0,0,3,0,12,0,0,0,0,0,6,0,0,0,0,0,6,0,0,0,205,0,127,0,0,0,17,0,0,0,0,0,0,0,0,0,0,0,0,0,0,0,0
CV_NC_045512.2_23194-23633:wt_A-G,0,0,0,0,0,44,0,1,0,321,84,468,0,0,0,0,0,0,0,0,0,0,0,247,211,0,0,0,0,0,0,1,0,0,0,0,0,86,0,0,0,0,0,0,0,0,0,0,0,136,790,3,0,0,0,0,0,0,0,0,0,0,132,241,0,0,0,0,0,0,0,0,0,0,0,0,530,0,0,0,0,0,0,0,0,0,0,574,0,0,0,0,0,0,0,0,0,0,0,0,0,72,0,5,0,35,0,73,0,0,0,594,0,0,0,1,0,1,0,626,0,0,0,0,0,0,0,0,0,0,0,27,0,0,0,113,0,72,0,0,0,33,0,158,0,0,0,0,0,0,0,0,0,0,0,34,0,0,0,459,0,0,0,207,0,0,0,5,0,0,0,0,0,0,0,0,0,0,0,0,0,0,0,0,0,1,0,0,0,1,0,3,0,0,0,0,1,0,0,0,0,0,0,0,0,152,0,0,0,0,0,0,0,54,0,333,0,255,0,0,0,0,0,0,0,0,0,0,0,0,0,0,0,0,0,0,0,0,0,60,0,2,0,87,0,0,0,270,0,17,0,0,0,0,0,2,0,0,0,0,0,3,0,0,0,332,0,224,0,0,1,10,0,0,0,0,0,0,0,0,0,0,0,0,0,0,0,0
CV_NC_045512.2_25935-26374:mt,0,0,0,0,0,0,0,0,0,152,0,0,0,0,0,0,0,0,0,0,0,0,0,97,0,0,0,0,0,0,0,0,0,0,0,0,0,0,0,0,0,0,0,0,0,0,0,0,0,0,2,0,0,0,0,0,0,0,0,0,0,0,0,0,0,0,0,0,0,0,0,0,0,0,0,0,4,0,0,0,0,0,0,0,0,0,0,0,0,0,0,0,0,0,0,0,0,0,0,0,0,0,0,10,0,0,0,0,0,0,0,0,0,0,0,0,0,0,0,0,0,0,0,788,0,0,0,5,0,40,0,0,0,0,0,0,0,0,0,0,0,0,0,0,0,0,0,0,0,0,0,0,0,0,0,0,0,0,0,0,0,0,0,0,0,0,0,0,0,0,0,0,0,0,0,0,0,0,0,0,0,0,0,0,0,0,0,0,0,0,0,0,0,0,0,0,0,0,0,0,0,0,0,0,0,0,0,0,0,0,0,0,0,1,0,0,0,0,0,0,0,0,0,0,0,0,0,0,0,0,0,0,0,0,0,0,0,0,0,0,0,0,0,0,0,0,0,0,0,0,0,0,0,0,0,0,0,0,0,0,0,0,0,0,0,0,0,0,0,0,0,0,0,0,0,0,0,0,0,0,0,0,0,0,0,0,0,0
CV_NC_045512.2_25935-26374:wt_G-T,0,0,0,0,0,0,0,0,0,1,0,0,0,0,0,0,0,0,0,0,0,0,0,1,0,0,0,0,0,0,0,0,0,0,0,0,0,0,0,0,0,0,0,0,0,0,0,0,0,174,459,1,0,0,0,0,0,0,0,0,0,0,0,0,0,0,0,0,0,0,0,0,0,0,0,0,57,0,0,0,0,0,0,0,0,0,0,0,0,0,0,0,0,0,0,0,0,0,0,0,0,0,0,5,0,0,0,0,0,0,0,0,0,0,0,0,0,0,0,0,0,0,0,4,0,0,0,1068,0,0,0,0,0,0,0,0,0,0,0,0,0,1,0,0,0,0,0,0,0,0,0,0,0,0,0,0,0,0,0,70,0,23,0,46,0,303,0,0,0,0,0,0,0,0,0,0,0,0,0,0,0,3,0,0,0,0,0,0,0,1,0,0,0,0,0,0,0,0,0,0,0,0,0,0,0,0,0,0,0,0,0,0,0,82,0,0,0,0,0,0,0,0,0,0,0,0,0,0,0,0,0,0,0,0,0,0,0,0,0,0,0,269,0,0,0,0,0,0,0,22,0,0,0,0,0,1,0,0,0,0,0,0,0,0,0,0,0,0,0,0,0,0,0,0,0,0,0,0,0,0,0,0,0,0,0,0,0,0
CV_NC_045512.2_26837-27276:mt,0,0,0,0,0,0,0,0,0,0,0,0,0,0,0,0,0,0,0,0,0,0,0,0,0,0,0,0,0,0,0,0,0,0,0,0,0,0,0,0,0,0,0,0,0,0,0,0,0,0,0,1,0,0,0,0,0,0,0,0,0,0,0,0,0,0,0,0,0,0,0,0,0,0,0,0,7,0,0,0,0,0,0,0,0,0,0,1,0,0,0,0,0,0,0,0,0,0,0,0,0,0,0,0,0,0,0,0,0,0,0,0,0,0,0,0,0,0,0,0,0,0,0,0,0,0,0,0,0,0,0,0,0,0,0,0,0,0,0,0,0,0,0,0,0,0,0,0,0,0,0,0,0,0,0,0,0,0,0,0,0,0,0,0,0,0,0,0,0,0,0,0,0,0,0,0,0,0,0,0,0,0,0,0,0,0,0,0,0,0,0,0,0,0,0,0,0,0,0,0,0,0,0,0,0,0,0,0,0,0,0,0,0,7,0,0,0,0,0,0,0,0,0,0,0,0,0,1,0,0,0,0,0,0,0,0,0,0,0,9,0,0,0,0,0,0,0,0,0,0,0,0,0,0,0,0,0,0,0,0,0,0,0,0,0,0,0,0,0,0,0,0,0,0,0,0,0,0,0,0,0,0,0,0,0,0,0,0
CV_NC_045512.2_26837-27276:wt_C-T,0,0,0,0,0,0,0,0,0,163,0,0,0,0,0,0,0,0,0,0,0,0,0,0,0,0,0,0,1,0,0,0,0,0,0,0,0,0,0,0,0,0,0,0,0,0,0,0,0,0,0,0,0,0,0,0,0,0,0,0,0,0,0,0,0,0,0,0,0,0,0,0,0,0,0,0,305,0,0,0,0,0,0,0,0,0,0,431,0,0,0,0,0,0,0,0,0,0,0,0,0,0,0,0,0,30,0,0,0,0,0,0,0,0,0,4,0,0,0,0,0,0,0,0,0,0,0,0,0,0,0,0,0,0,0,0,0,0,0,0,0,0,0,0,0,0,0,0,0,0,0,0,0,0,0,0,0,0,0,0,0,0,0,0,0,0,0,8,0,0,0,0,0,0,0,0,0,0,0,0,0,0,0,0,0,0,0,0,0,0,0,0,0,0,0,0,0,0,0,0,0,0,0,0,0,0,0,1,0,0,0,10,0,793,0,0,0,0,0,0,0,0,0,0,0,0,0,4,0,0,0,0,0,0,0,0,0,7,0,223,0,3,0,0,0,0,0,0,0,0,0,0,0,0,0,0,0,0,0,0,0,0,0,0,0,48,0,0,0,0,0,0,0,0,0,0,0,0,0,0,0,0,0,0,0,0,0,0
CV_NC_045512.2_27935-28374:mt,0,0,0,330,12586,273,1190,4391,2667,1792,66,3311,52823,0,0,0,220,2692,0,595,2722,17283,0,13478,532,8,0,0,5,2052,5990,0,3,121,4894,0,5988,461,12,3,46,1,290,1312,1073,0,1061,886,0,1367,2115,8,0,0,11090,1,3777,346,0,1256,929,0,3485,2276,1,0,2,0,0,849,11,0,3004,0,0,64,1275,98,1,0,0,1,54,265,1,142,1246,7872,0,66,6,2,1,0,6,0,0,141,0,0,0,4,0,0,0,57,0,44,0,128,0,0,0,2,0,0,0,0,0,0,0,3,0,7,0,0,0,1905,0,0,0,0,0,939,0,0,0,0,2,237,0,1,0,1,0,0,0,0,0,2685,0,0,0,0,0,3,0,9,0,170,0,0,0,42,0,0,0,0,0,0,0,0,0,0,0,0,0,3,0,0,0,0,0,0,0,2,0,0,0,0,0,0,0,0,0,200,0,0,0,0,0,0,0,0,0,0,0,0,0,0,0,0,0,414,0,0,0,0,0,0,0,123,0,0,0,0,0,0,0,0,0,0,0,0,0,0,0,0,0,28,0,0,0,0,0,0,0,0,0,0,0,0,0,0,0,1,0,0,0,0,0,0,0,0,0,0,0,0,0,0,0,0,0,0,0,0,0,0,0,0,0,0,0,0,0,0,0,1
CV_NC_045512.2_27935-28374:wt_T-C,0,0,0,17,1184,0,1,521,232,16,0,302,7161,0,0,0,0,425,0,17,551,6,0,434,128,0,0,0,0,1,4,0,0,0,3,0,638,102,1,0,0,0,13,1,147,0,5,182,0,65,291,1,0,0,30,0,0,4,0,234,1,0,154,3,0,0,0,0,0,0,0,1,3,0,0,1,151,2,0,0,0,0,0,9,0,8,0,393,0,0,0,0,0,0,0,0,0,1,0,0,0,3,0,0,0,78,0,33,0,0,0,0,0,0,0,0,0,0,0,0,1,0,0,4,0,0,0,17,0,0,0,0,0,379,0,0,0,19,0,26,0,1,0,0,0,0,0,0,0,51,0,0,0,0,0,2,0,0,0,17,0,4,0,19,0,0,0,0,0,0,0,0,0,0,0,0,0,0,0,0,0,0,0,0,0,0,0,0,0,0,0,0,0,0,0,69,0,0,0,0,0,0,0,0,0,0,0,0,0,0,0,0,0,387,0,0,0,0,0,0,0,0,0,0,0,0,0,0,0,0,0,0,0,0,0,0,0,0,0,70,0,0,0,0,0,0,0,0,0,0,0,0,0,0,0,0,0,0,0,0,0,0,0,1,0,49,0,0,0,0,0,0,0,0,0,0,0,0,0,0,0,0,0,0,0,0,0,0
CV_NC_045512.2_28479-28918:mt,1,0,10,12,47,0,182,3,0,5756,0,8371,1,0,0,2,47,53,0,21,22,1,1,2,0,1,1,0,71,0,4,0,2,1,14,116,113,42,5,0,4,0,8,17,0,3,15,624,0,7,130,60,2,0,8,0,193,221,11,2,1,1,2,0,0,19,0,0,1,2,810,11,10,1,39,1,32652,0,0,0,2,0,18,13,8,1,177,33137,0,0,0,1,1,0,1,0,0,20,0,10,0,112,3,45066,6,32580,0,1714,0,795,0,204,0,16,3,74485,0,1070,0,1911,0,0,0,22,0,9,0,15,6,17650,13,27151,0,2501,1,23053,4,116212,0,624,0,8676,0,5037,0,61,0,378,0,18,0,9,0,42,0,44,0,73,0,44,0,26,0,21,5,36196,21,88484,2,6151,0,24,0,3,0,8,0,7,0,12,0,155,1,22119,0,12,1,1456,0,92437,0,12,0,13,1,2476,0,19,0,6,0,24,0,60,0,2708,0,34,21,101450,6,124254,0,37227,0,79,0,113,0,2889,0,1867,0,5,0,0,4,118162,0,25,0,9,0,6,0,2854,6,75668,9,101659,4,86126,0,27,8,43091,0,4321,4,94,0,2,0,1,0,23,0,16,0,4,3,59923,6,84088,6,52248,0,271,24,114315,1,163,0,10,0,24,0,34,0,41,0,4,0,2,0,0,0,10
CV_NC_045512.2_28479-28918:wt_T-C,4,0,29,541,820,5,18,3,0,14472,4,20992,856,0,0,3,1034,178,0,243,233,419,3,98,2,0,0,2,185,0,1,1,2,2,30,252,413,88,5,0,3,2,1553,37,1,7,246,4,0,71,242,116,0,0,27,0,478,1025,43,4,193,10,478,130,0,30,0,0,0,6,30,43,21,6,104,5,89144,0,0,3,6,0,31,32,23,2,1299,100585,1,0,1,0,2,2,1,8,0,24,0,12,0,239,4,132128,20,93136,0,4944,0,1889,1,61,0,42,8,203234,0,3311,2,4341,0,10,0,39,0,19,1,594,16,48622,31,86112,0,7627,7,65503,21,341667,0,2836,1,22484,0,16316,0,129,0,1005,0,35,0,27,0,127,0,156,0,170,0,148,0,88,0,37,5,98452,38,237631,0,14490,0,53,0,15,0,15,0,40,0,35,0,26,7,55215,0,294,2,3314,12,257829,0,27,0,33,3,5550,0,38,0,8,0,41,1,121,0,6669,0,68,90,289699,18,346798,8,116427,0,252,1,287,2,13440,0,4935,0,10,0,3,21,324109,1,69,0,16,0,22,1,9127,5,222569,14,264905,15,233033,0,98,21,118844,1,8727,1,216,0,3,0,4,0,72,0,55,0,12,9,163597,15,240502,10,148912,0,934,80,330197,6,620,0,21,0,98,0,54,0,91,0,5,0,6,0,0,0,41
CV_NC_045512.2_28672-29111:mt,0,0,5,7,5,309,265,1,0,2424,975,2330,0,0,0,0,333,229,0,4,4,1,0,133,126,0,0,0,30,0,63,0,0,127,2,29,72,365,1,0,1,0,0,1,1,0,12,0,1,38,123,22,0,0,3,0,12,17,12,0,173,0,154,0,0,9,0,0,0,0,2,8,7,0,5,1,14753,574,0,0,0,0,4,2,2,3,2,12838,0,0,0,0,0,0,0,0,0,638,0,1,0,1286,1,16865,0,7252,0,429,0,200,0,180,0,128,0,26304,0,581,0,713,0,0,0,2,0,0,0,7,0,4802,0,5781,0,568,0,3808,0,5466,0,372,0,717,0,312,0,6,0,78,0,18,0,2,0,17,0,660,0,699,0,222,0,130,0,110,0,444,4,43803,0,6044,0,5,0,0,0,0,0,2,0,1,0,859,1,9497,0,1,0,219,0,14631,0,229,0,759,0,705,0,0,0,3,0,1,0,2,0,2072,0,1,0,21969,3,22448,0,14830,0,678,0,162,0,922,0,659,0,1,0,0,2,26161,0,2,0,3,0,0,0,78,0,5110,1,21987,1,18573,0,235,0,12421,0,3,2,1234,0,1,0,1,0,3,0,2,0,0,1,6969,1,7194,1,4705,0,1396,0,12656,0,779,0,45,0,11,0,1,0,0,0,0,0,0,0,0,0,1
CV_NC_045512.2_28672-29111:wt_G-A,2,0,12,27,5,2,10,144,0,9801,574,12234,1,0,1,2,5,15,1,91,17,1,0,126,176,0,1,1,125,849,162,0,1,173,208,85,283,76,9,0,1,1,1,11,655,1,122,0,0,30,581,75,0,0,442,2,62,57,29,23,73,0,180,0,0,42,0,0,0,574,659,33,917,1,17,3,59150,375,0,1,6,0,11,9,13,0,17,57874,2,0,0,0,1,1,1,2,0,17,0,4,0,1085,1,56685,0,26294,0,1949,0,122,0,214,0,2,4,124467,0,1630,0,1380,0,3,0,15,0,4,0,570,0,12266,1,23156,1,3388,0,16725,1,24725,0,668,0,111,0,1073,0,22,0,311,0,994,0,5,0,22,0,662,0,1215,0,178,0,148,0,85,0,1818,6,192425,1,19601,0,13,0,3,0,4,0,12,0,7,0,1647,2,30885,0,163,0,803,2,69340,0,470,0,6,0,1868,0,15,0,0,1,4,0,36,0,2994,0,25,6,90190,0,91211,3,57949,0,464,0,47,0,1072,0,840,0,4,0,2,6,118687,0,12,0,1,0,2,0,315,1,22298,4,79339,5,79772,0,73,1,43797,0,5,3,1141,0,1,0,0,0,9,0,17,0,3,1,25066,1,33966,1,19483,0,48,2,51201,1,1384,0,22,0,37,0,26,0,5,0,3,0,2,0,0,0,7
CV_NC_045512.2_28886-29325:mt,0,0,0,0,1,0,1,1,0,3590,0,5847,1,0,0,0,1,2,0,0,2,0,0,391,210,0,0,0,41,0,0,1,0,0,3,1,790,75,0,0,0,0,1,0,0,0,0,0,0,0,94,29,0,0,3,0,3,0,1,0,0,0,0,0,0,0,0,0,0,0,0,4,0,0,0,3,19207,150,0,0,0,0,0,0,0,0,0,25616,0,0,0,0,0,0,0,0,0,0,0,0,0,0,0,681,0,5585,0,497,0,0,0,156,0,26,0,1761,0,341,1,247,0,0,0,6,0,0,0,0,0,231,0,2526,0,1281,0,2184,0,4699,0,221,0,145,0,147,0,1,0,110,0,0,0,0,0,0,0,1056,0,98,0,49,0,143,0,23,0,1362,0,5791,0,121,0,0,0,0,0,0,0,1,0,0,0,92,0,164,0,0,0,244,0,1048,0,0,0,1,0,680,0,2,0,0,0,0,0,1,0,271,0,1,1,4318,0,10444,2,22186,0,58,0,4,0,356,0,91,0,0,0,0,0,1866,0,1,0,0,0,0,0,121,0,1484,1,29816,0,2160,0,0,0,875,0,3,0,88,0,0,0,0,0,0,0,1,0,2,0,231,0,1432,0,6748,0,0,0,2330,0,7,0,34,0,0,0,0,0,1,0,0,0,0,0,0,0,0
CV_NC_045512.2_28886-29325:wt_C-T,0,0,0,0,2,0,4,0,0,3612,0,4741,1,0,0,0,0,0,0,1,2,0,0,2,0,0,0,0,38,1,0,1,0,0,2,1,85,1,1,0,0,0,0,0,0,0,0,0,0,64,212,23,0,0,5,0,5,4,3,0,1,0,188,1,0,0,0,0,0,0,0,1,0,0,0,1,21991,0,0,0,0,0,0,0,1,0,0,26359,0,0,0,0,1,0,1,0,0,0,0,0,0,0,0,1017,0,4749,0,542,0,104,0,1,0,1,2,4844,0,266,0,674,0,0,0,9,0,0,0,0,0,351,0,3059,0,1571,0,2570,0,5241,0,148,1,186,0,218,0,0,0,117,0,0,0,0,0,1,0,347,0,131,0,0,0,13,0,1,0,1618,0,9533,0,381,0,0,0,0,0,0,0,0,0,0,0,0,0,314,0,0,0,149,0,2995,0,0,0,0,0,1123,0,0,0,0,0,0,0,1,0,506,0,1,1,7473,1,15959,1,23061,0,0,0,2,0,0,0,244,0,0,0,0,1,3256,0,0,0,0,0,0,0,63,0,1315,2,30328,0,4095,0,0,0,1383,0,171,1,2,0,0,0,0,0,1,0,1,0,0,0,442,0,2575,0,6716,0,1,0,3750,1,7,0,3,0,0,0,0,0,4,0,2,0,0,0,0,0,1
CV_NC_045512.2_29533-29972:mt,0,0,0,5,0,772,0,0,0,37,0,283,621,0,0,0,0,0,0,0,1,0,0,0,1,0,0,0,6,2,0,0,0,4,0,0,0,0,0,0,0,0,0,0,0,0,0,0,0,0,1,6,0,0,1,0,0,0,0,1,0,0,0,425,0,0,0,0,0,0,0,0,0,0,0,1,3699,0,0,0,0,0,0,2,0,2,0,898,0,0,0,0,0,0,0,0,0,0,0,0,0,0,0,47,0,83,0,3,0,0,0,0,0,0,0,84,0,0,0,0,0,0,0,3,0,0,0,0,0,3,0,42,0,10,0,2,0,3,0,0,0,0,0,3,0,0,0,4,0,49,0,0,0,0,0,1,0,1,0,35,0,0,0,0,0,1,0,384,0,66,0,0,0,0,0,1,0,0,0,0,0,0,0,88,0,0,0,0,0,3,0,0,0,0,0,8,0,0,0,0,0,0,0,0,0,0,0,0,0,41,0,100,0,362,0,4,0,0,0,1,0,0,0,0,0,0,0,66,0,0,0,0,0,0,0,0,0,3,0,587,0,192,0,0,0,30,0,16,0,0,0,0,0,0,0,0,0,0,0,0,0,3,0,5,0,21,0,17,0,9,0,0,0,0,0,0,0,0,0,0,0,0,0,0,0,0,0,0
CV_NC_045512.2_29533-29972:wt_G-T,1,0,6,2874,0,3,14,0,0,12799,0,14482,1467,0,0,2,1,260,0,1,194,3,0,1,50,1,0,0,174,601,108,1,1,1360,17,5,0,34,4,0,2,0,0,0,0,1,0,0,0,59,713,136,0,0,23,0,0,1,1,43,0,0,275,758,0,0,0,0,1,0,1,0,0,0,1,264,83775,1,0,0,2,0,0,1827,4,2977,6,83641,0,0,578,0,3,0,1,0,0,0,0,0,0,0,0,4601,0,4037,0,419,0,0,0,0,0,0,0,8471,0,193,0,1,0,0,0,548,0,0,0,1,0,867,0,4033,0,2730,1,1231,0,636,0,1,0,0,0,78,0,1,0,32,0,1768,0,0,0,2,0,186,0,162,0,87,0,16,0,23,0,277,0,35193,0,2555,0,0,0,0,0,0,0,1,0,0,0,1,0,3418,0,1,0,1,0,1944,0,0,0,0,0,862,0,0,0,1,0,0,0,1,0,0,0,0,0,2956,0,3291,3,22760,0,212,0,0,0,163,0,0,0,0,0,0,1,5826,0,0,0,0,0,0,0,34,0,324,1,5682,0,4230,0,1,0,3388,0,497,2,41,0,0,0,0,0,3,0,0,0,1,0,567,0,838,0,1004,0,1415,0,1241,6,155,0,1,0,4,0,0,0,0,0,0,0,0,0,0,0,0