Accession,Release_Date,Species,Length,Geo_Location,Location,Species_mini,
MT192773,2020-03-16T00:00:00Z,Severe acute respiratory syndrome-related coronavirus,29890,Viet Nam,East Asia,SARS_CV2,
MT192772,2020-03-16T00:00:00Z,Severe acute respiratory syndrome-related coronavirus,29891,Viet Nam,East Asia,SARS_CV2,
NC_038294,2018-08-24T00:00:00Z,Middle East respiratory syndrome-related coronavirus,30111,United Kingdom,Europe,ME_CV,
MH822886,2018-10-19T00:00:00Z,Middle East respiratory syndrome-related coronavirus,30079,United Kingdom,Europe,ME_CV,
KU131570,2016-02-27T00:00:00Z,Betacoronavirus 1,30746,United Kingdom,Europe,Betacoronavirus 1,
KM210278,2015-01-18T00:00:00Z,Middle East respiratory syndrome-related coronavirus,30035,United Kingdom,Europe,ME_CV,
KM210277,2015-01-18T00:00:00Z,Middle East respiratory syndrome-related coronavirus,30031,United Kingdom,Europe,ME_CV,
KM015348,2014-06-18T00:00:00Z,Middle East respiratory syndrome-related coronavirus,30042,United Kingdom,Europe,ME_CV,
KC667074,2013-02-27T00:00:00Z,Middle East respiratory syndrome-related coronavirus,30112,United Kingdom,Europe,ME_CV,
KC164505,2012-12-05T00:00:00Z,Middle East respiratory syndrome-related coronavirus,30111,United Kingdom,Europe,ME_CV,
KY581691,2017-12-20T00:00:00Z,Middle East respiratory syndrome-related coronavirus,30123,United Arab Emirates,Middle East,ME_CV,
KY581694,2017-12-20T00:00:00Z,Middle East respiratory syndrome-related coronavirus,30123,United Arab Emirates,Middle East,ME_CV,
KY581690,2017-12-20T00:00:00Z,Middle East respiratory syndrome-related coronavirus,30123,United Arab Emirates,Middle East,ME_CV,
KY581693,2017-12-20T00:00:00Z,Middle East respiratory syndrome-related coronavirus,30123,United Arab Emirates,Middle East,ME_CV,
KY581688,2017-12-20T00:00:00Z,Middle East respiratory syndrome-related coronavirus,30123,United Arab Emirates,Middle East,ME_CV,
KY581687,2017-12-20T00:00:00Z,Middle East respiratory syndrome-related coronavirus,30123,United Arab Emirates,Middle East,ME_CV,
KY581692,2017-12-20T00:00:00Z,Middle East respiratory syndrome-related coronavirus,30123,United Arab Emirates,Middle East,ME_CV,
KY581685,2017-12-20T00:00:00Z,Middle East respiratory syndrome-related coronavirus,30123,United Arab Emirates,Middle East,ME_CV,
KY581684,2017-12-20T00:00:00Z,Middle East respiratory syndrome-related coronavirus,30123,United Arab Emirates,Middle East,ME_CV,
KY581686,2017-12-20T00:00:00Z,Middle East respiratory syndrome-related coronavirus,30123,United Arab Emirates,Middle East,ME_CV,
KY581689,2017-12-20T00:00:00Z,Middle East respiratory syndrome-related coronavirus,30123,United Arab Emirates,Middle East,ME_CV,
KP209307,2014-12-06T00:00:00Z,Middle East respiratory syndrome-related coronavirus,30123,United Arab Emirates,Middle East,ME_CV,
KP209306,2014-12-06T00:00:00Z,Middle East respiratory syndrome-related coronavirus,30123,United Arab Emirates,Middle East,ME_CV,
KP209308,2014-12-06T00:00:00Z,Middle East respiratory syndrome-related coronavirus,30123,United Arab Emirates,Middle East,ME_CV,
KP209310,2014-12-06T00:00:00Z,Middle East respiratory syndrome-related coronavirus,30123,United Arab Emirates,Middle East,ME_CV,
KP209311,2014-12-06T00:00:00Z,Middle East respiratory syndrome-related coronavirus,30123,United Arab Emirates,Middle East,ME_CV,
KP209312,2014-12-06T00:00:00Z,Middle East respiratory syndrome-related coronavirus,30123,United Arab Emirates,Middle East,ME_CV,
KP209313,2014-12-06T00:00:00Z,Middle East respiratory syndrome-related coronavirus,30123,United Arab Emirates,Middle East,ME_CV,
KP209309,2014-12-06T00:00:00Z,Middle East respiratory syndrome-related coronavirus,30123,United Arab Emirates,Middle East,ME_CV,
KF192507,2013-06-10T00:00:00Z,Middle East respiratory syndrome-related coronavirus,30123,United Arab Emirates,Middle East,ME_CV,
MT259250,2020-03-30T00:00:00Z,Severe acute respiratory syndrome-related coronavirus,29702,USA,USA,SARS_CV2,
MT259271,2020-03-30T00:00:00Z,Severe acute respiratory syndrome-related coronavirus,29864,USA,USA,SARS_CV2,
MT258377,2020-03-30T00:00:00Z,Severe acute respiratory syndrome-related coronavirus,29888,USA,USA,SARS_CV2,
MT259237,2020-03-30T00:00:00Z,Severe acute respiratory syndrome-related coronavirus,29864,USA,USA,SARS_CV2,
MT259251,2020-03-30T00:00:00Z,Severe acute respiratory syndrome-related coronavirus,29884,USA,USA,SARS_CV2,
MT259281,2020-03-30T00:00:00Z,Severe acute respiratory syndrome-related coronavirus,29839,USA,USA,SARS_CV2,
MT259260,2020-03-30T00:00:00Z,Severe acute respiratory syndrome-related coronavirus,29871,USA,USA,SARS_CV2,
MT259269,2020-03-30T00:00:00Z,Severe acute respiratory syndrome-related coronavirus,29894,USA,USA,SARS_CV2,
MT258380,2020-03-30T00:00:00Z,Severe acute respiratory syndrome-related coronavirus,29890,USA,USA,SARS_CV2,
MT259235,2020-03-30T00:00:00Z,Severe acute respiratory syndrome-related coronavirus,29751,USA,USA,SARS_CV2,
MT259236,2020-03-30T00:00:00Z,Severe acute respiratory syndrome-related coronavirus,29883,USA,USA,SARS_CV2,
MT259239,2020-03-30T00:00:00Z,Severe acute respiratory syndrome-related coronavirus,29583,USA,USA,SARS_CV2,
MT259249,2020-03-30T00:00:00Z,Severe acute respiratory syndrome-related coronavirus,29821,USA,USA,SARS_CV2,
MT259261,2020-03-30T00:00:00Z,Severe acute respiratory syndrome-related coronavirus,29837,USA,USA,SARS_CV2,
MT259280,2020-03-30T00:00:00Z,Severe acute respiratory syndrome-related coronavirus,29642,USA,USA,SARS_CV2,
MT259282,2020-03-30T00:00:00Z,Severe acute respiratory syndrome-related coronavirus,29815,USA,USA,SARS_CV2,
MT259243,2020-03-30T00:00:00Z,Severe acute respiratory syndrome-related coronavirus,29757,USA,USA,SARS_CV2,
MT259245,2020-03-30T00:00:00Z,Severe acute respiratory syndrome-related coronavirus,29826,USA,USA,SARS_CV2,
MT259248,2020-03-30T00:00:00Z,Severe acute respiratory syndrome-related coronavirus,29879,USA,USA,SARS_CV2,
MT259254,2020-03-30T00:00:00Z,Severe acute respiratory syndrome-related coronavirus,29887,USA,USA,SARS_CV2,
MT259256,2020-03-30T00:00:00Z,Severe acute respiratory syndrome-related coronavirus,29833,USA,USA,SARS_CV2,
MT259258,2020-03-30T00:00:00Z,Severe acute respiratory syndrome-related coronavirus,29657,USA,USA,SARS_CV2,
MT259264,2020-03-30T00:00:00Z,Severe acute respiratory syndrome-related coronavirus,29836,USA,USA,SARS_CV2,
MT259277,2020-03-30T00:00:00Z,Severe acute respiratory syndrome-related coronavirus,29881,USA,USA,SARS_CV2,
MT259284,2020-03-30T00:00:00Z,Severe acute respiratory syndrome-related coronavirus,29432,USA,USA,SARS_CV2,
MT259285,2020-03-30T00:00:00Z,Severe acute respiratory syndrome-related coronavirus,29831,USA,USA,SARS_CV2,
MT258378,2020-03-30T00:00:00Z,Severe acute respiratory syndrome-related coronavirus,29892,USA,USA,SARS_CV2,
MT259241,2020-03-30T00:00:00Z,Severe acute respiratory syndrome-related coronavirus,29682,USA,USA,SARS_CV2,
MT259247,2020-03-30T00:00:00Z,Severe acute respiratory syndrome-related coronavirus,29646,USA,USA,SARS_CV2,
MT259252,2020-03-30T00:00:00Z,Severe acute respiratory syndrome-related coronavirus,29790,USA,USA,SARS_CV2,
MT259257,2020-03-30T00:00:00Z,Severe acute respiratory syndrome-related coronavirus,29868,USA,USA,SARS_CV2,
MT259263,2020-03-30T00:00:00Z,Severe acute respiratory syndrome-related coronavirus,29878,USA,USA,SARS_CV2,
MT259266,2020-03-30T00:00:00Z,Severe acute respiratory syndrome-related coronavirus,29776,USA,USA,SARS_CV2,
MT259268,2020-03-30T00:00:00Z,Severe acute respiratory syndrome-related coronavirus,29759,USA,USA,SARS_CV2,
MT259278,2020-03-30T00:00:00Z,Severe acute respiratory syndrome-related coronavirus,29897,USA,USA,SARS_CV2,
MT258379,2020-03-30T00:00:00Z,Severe acute respiratory syndrome-related coronavirus,29892,USA,USA,SARS_CV2,
MT259244,2020-03-30T00:00:00Z,Severe acute respiratory syndrome-related coronavirus,29865,USA,USA,SARS_CV2,
MT259246,2020-03-30T00:00:00Z,Severe acute respiratory syndrome-related coronavirus,29842,USA,USA,SARS_CV2,
MT259253,2020-03-30T00:00:00Z,Severe acute respiratory syndrome-related coronavirus,29813,USA,USA,SARS_CV2,
MT259267,2020-03-30T00:00:00Z,Severe acute respiratory syndrome-related coronavirus,29852,USA,USA,SARS_CV2,
MT259273,2020-03-30T00:00:00Z,Severe acute respiratory syndrome-related coronavirus,29892,USA,USA,SARS_CV2,
MT259274,2020-03-30T00:00:00Z,Severe acute respiratory syndrome-related coronavirus,29779,USA,USA,SARS_CV2,
MT259275,2020-03-30T00:00:00Z,Severe acute respiratory syndrome-related coronavirus,29841,USA,USA,SARS_CV2,
MT259286,2020-03-30T00:00:00Z,Severe acute respiratory syndrome-related coronavirus,29857,USA,USA,SARS_CV2,
MT259287,2020-03-30T00:00:00Z,Severe acute respiratory syndrome-related coronavirus,29688,USA,USA,SARS_CV2,
MT258381,2020-03-30T00:00:00Z,Severe acute respiratory syndrome-related coronavirus,29899,USA,USA,SARS_CV2,
MT258382,2020-03-30T00:00:00Z,Severe acute respiratory syndrome-related coronavirus,29885,USA,USA,SARS_CV2,
MT258383,2020-03-30T00:00:00Z,Severe acute respiratory syndrome-related coronavirus,29887,USA,USA,SARS_CV2,
MT251972,2020-03-27T00:00:00Z,Severe acute respiratory syndrome-related coronavirus,29861,USA,USA,SARS_CV2,
MT251973,2020-03-27T00:00:00Z,Severe acute respiratory syndrome-related coronavirus,29871,USA,USA,SARS_CV2,
MT251974,2020-03-27T00:00:00Z,Severe acute respiratory syndrome-related coronavirus,29852,USA,USA,SARS_CV2,
MT251975,2020-03-27T00:00:00Z,Severe acute respiratory syndrome-related coronavirus,29875,USA,USA,SARS_CV2,
MT251976,2020-03-27T00:00:00Z,Severe acute respiratory syndrome-related coronavirus,29899,USA,USA,SARS_CV2,
MT251977,2020-03-27T00:00:00Z,Severe acute respiratory syndrome-related coronavirus,29829,USA,USA,SARS_CV2,
MT251978,2020-03-27T00:00:00Z,Severe acute respiratory syndrome-related coronavirus,29905,USA,USA,SARS_CV2,
MT251979,2020-03-27T00:00:00Z,Severe acute respiratory syndrome-related coronavirus,29839,USA,USA,SARS_CV2,
MT251980,2020-03-27T00:00:00Z,Severe acute respiratory syndrome-related coronavirus,29845,USA,USA,SARS_CV2,
MT246463,2020-03-26T00:00:00Z,Severe acute respiratory syndrome-related coronavirus,29782,USA,USA,SARS_CV2,
MT246464,2020-03-26T00:00:00Z,Severe acute respiratory syndrome-related coronavirus,29818,USA,USA,SARS_CV2,
MT246467,2020-03-26T00:00:00Z,Severe acute respiratory syndrome-related coronavirus,29899,USA,USA,SARS_CV2,
MT246469,2020-03-26T00:00:00Z,Severe acute respiratory syndrome-related coronavirus,29869,USA,USA,SARS_CV2,
MT246471,2020-03-26T00:00:00Z,Severe acute respiratory syndrome-related coronavirus,29871,USA,USA,SARS_CV2,
MT246473,2020-03-26T00:00:00Z,Severe acute respiratory syndrome-related coronavirus,29825,USA,USA,SARS_CV2,
MT246476,2020-03-26T00:00:00Z,Severe acute respiratory syndrome-related coronavirus,29863,USA,USA,SARS_CV2,
MT246489,2020-03-26T00:00:00Z,Severe acute respiratory syndrome-related coronavirus,29864,USA,USA,SARS_CV2,
MT246468,2020-03-26T00:00:00Z,Severe acute respiratory syndrome-related coronavirus,29843,USA,USA,SARS_CV2,
MT246472,2020-03-26T00:00:00Z,Severe acute respiratory syndrome-related coronavirus,29810,USA,USA,SARS_CV2,
MT246452,2020-03-26T00:00:00Z,Severe acute respiratory syndrome-related coronavirus,29888,USA,USA,SARS_CV2,
MT246453,2020-03-26T00:00:00Z,Severe acute respiratory syndrome-related coronavirus,29823,USA,USA,SARS_CV2,
MT246454,2020-03-26T00:00:00Z,Severe acute respiratory syndrome-related coronavirus,29892,USA,USA,SARS_CV2,
MT246455,2020-03-26T00:00:00Z,Severe acute respiratory syndrome-related coronavirus,29857,USA,USA,SARS_CV2,
MT246460,2020-03-26T00:00:00Z,Severe acute respiratory syndrome-related coronavirus,29917,USA,USA,SARS_CV2,
MT246461,2020-03-26T00:00:00Z,Severe acute respiratory syndrome-related coronavirus,29877,USA,USA,SARS_CV2,
MT246462,2020-03-26T00:00:00Z,Severe acute respiratory syndrome-related coronavirus,29903,USA,USA,SARS_CV2,
MT246466,2020-03-26T00:00:00Z,Severe acute respiratory syndrome-related coronavirus,29897,USA,USA,SARS_CV2,
MT246456,2020-03-26T00:00:00Z,Severe acute respiratory syndrome-related coronavirus,29846,USA,USA,SARS_CV2,
MT246450,2020-03-26T00:00:00Z,Severe acute respiratory syndrome-related coronavirus,29872,USA,USA,SARS_CV2,
MT246451,2020-03-26T00:00:00Z,Severe acute respiratory syndrome-related coronavirus,29868,USA,USA,SARS_CV2,
MT246458,2020-03-26T00:00:00Z,Severe acute respiratory syndrome-related coronavirus,29765,USA,USA,SARS_CV2,
MT246459,2020-03-26T00:00:00Z,Severe acute respiratory syndrome-related coronavirus,29909,USA,USA,SARS_CV2,
MT246470,2020-03-26T00:00:00Z,Severe acute respiratory syndrome-related coronavirus,29860,USA,USA,SARS_CV2,
MT246474,2020-03-26T00:00:00Z,Severe acute respiratory syndrome-related coronavirus,29884,USA,USA,SARS_CV2,
MT246475,2020-03-26T00:00:00Z,Severe acute respiratory syndrome-related coronavirus,29877,USA,USA,SARS_CV2,
MT246477,2020-03-26T00:00:00Z,Severe acute respiratory syndrome-related coronavirus,29886,USA,USA,SARS_CV2,
MT246478,2020-03-26T00:00:00Z,Severe acute respiratory syndrome-related coronavirus,29889,USA,USA,SARS_CV2,
MT246479,2020-03-26T00:00:00Z,Severe acute respiratory syndrome-related coronavirus,29828,USA,USA,SARS_CV2,
MT246480,2020-03-26T00:00:00Z,Severe acute respiratory syndrome-related coronavirus,29904,USA,USA,SARS_CV2,
MT246481,2020-03-26T00:00:00Z,Severe acute respiratory syndrome-related coronavirus,29873,USA,USA,SARS_CV2,
MT246482,2020-03-26T00:00:00Z,Severe acute respiratory syndrome-related coronavirus,29844,USA,USA,SARS_CV2,
MT246484,2020-03-26T00:00:00Z,Severe acute respiratory syndrome-related coronavirus,29870,USA,USA,SARS_CV2,
MT246485,2020-03-26T00:00:00Z,Severe acute respiratory syndrome-related coronavirus,29775,USA,USA,SARS_CV2,
MT246487,2020-03-26T00:00:00Z,Severe acute respiratory syndrome-related coronavirus,29883,USA,USA,SARS_CV2,
MT246488,2020-03-26T00:00:00Z,Severe acute respiratory syndrome-related coronavirus,29842,USA,USA,SARS_CV2,
MT246667,2020-03-26T00:00:00Z,Severe acute respiratory syndrome-related coronavirus,29867,USA,USA,SARS_CV2,
MT246486,2020-03-26T00:00:00Z,Severe acute respiratory syndrome-related coronavirus,29867,USA,USA,SARS_CV2,
MT246490,2020-03-26T00:00:00Z,Severe acute respiratory syndrome-related coronavirus,29850,USA,USA,SARS_CV2,
MT233526,2020-03-26T00:00:00Z,Severe acute respiratory syndrome-related coronavirus,29847,USA,USA,SARS_CV2,
MT246449,2020-03-26T00:00:00Z,Severe acute respiratory syndrome-related coronavirus,29828,USA,USA,SARS_CV2,
MT246457,2020-03-26T00:00:00Z,Severe acute respiratory syndrome-related coronavirus,29843,USA,USA,SARS_CV2,
MT192765,2020-03-16T00:00:00Z,Severe acute respiratory syndrome-related coronavirus,29829,USA,USA,SARS_CV2,
MT188340,2020-03-13T00:00:00Z,Severe acute respiratory syndrome-related coronavirus,29845,USA,USA,SARS_CV2,
MT188339,2020-03-13T00:00:00Z,Severe acute respiratory syndrome-related coronavirus,29783,USA,USA,SARS_CV2,
MT188341,2020-03-13T00:00:00Z,Severe acute respiratory syndrome-related coronavirus,29835,USA,USA,SARS_CV2,
MT184911,2020-03-12T00:00:00Z,Severe acute respiratory syndrome-related coronavirus,29882,USA,USA,SARS_CV2,
MT184913,2020-03-12T00:00:00Z,Severe acute respiratory syndrome-related coronavirus,29882,USA,USA,SARS_CV2,
MT184910,2020-03-12T00:00:00Z,Severe acute respiratory syndrome-related coronavirus,29882,USA,USA,SARS_CV2,
MT184907,2020-03-12T00:00:00Z,Severe acute respiratory syndrome-related coronavirus,29882,USA,USA,SARS_CV2,
MT184912,2020-03-12T00:00:00Z,Severe acute respiratory syndrome-related coronavirus,29882,USA,USA,SARS_CV2,
MT184908,2020-03-12T00:00:00Z,Severe acute respiratory syndrome-related coronavirus,29880,USA,USA,SARS_CV2,
MT184909,2020-03-12T00:00:00Z,Severe acute respiratory syndrome-related coronavirus,29882,USA,USA,SARS_CV2,
MT163719,2020-03-10T00:00:00Z,Severe acute respiratory syndrome-related coronavirus,29903,USA,USA,SARS_CV2,
MT163716,2020-03-10T00:00:00Z,Severe acute respiratory syndrome-related coronavirus,29903,USA,USA,SARS_CV2,
MT163717,2020-03-10T00:00:00Z,Severe acute respiratory syndrome-related coronavirus,29897,USA,USA,SARS_CV2,
MT163718,2020-03-10T00:00:00Z,Severe acute respiratory syndrome-related coronavirus,29903,USA,USA,SARS_CV2,
MT159708,2020-03-09T00:00:00Z,Severe acute respiratory syndrome-related coronavirus,29882,USA,USA,SARS_CV2,
MT159720,2020-03-09T00:00:00Z,Severe acute respiratory syndrome-related coronavirus,29882,USA,USA,SARS_CV2,
MT159706,2020-03-09T00:00:00Z,Severe acute respiratory syndrome-related coronavirus,29882,USA,USA,SARS_CV2,
MT159709,2020-03-09T00:00:00Z,Severe acute respiratory syndrome-related coronavirus,29882,USA,USA,SARS_CV2,
MT159721,2020-03-09T00:00:00Z,Severe acute respiratory syndrome-related coronavirus,29882,USA,USA,SARS_CV2,
MT159707,2020-03-09T00:00:00Z,Severe acute respiratory syndrome-related coronavirus,29882,USA,USA,SARS_CV2,
MT159711,2020-03-09T00:00:00Z,Severe acute respiratory syndrome-related coronavirus,29882,USA,USA,SARS_CV2,
MT159713,2020-03-09T00:00:00Z,Severe acute respiratory syndrome-related coronavirus,29882,USA,USA,SARS_CV2,
MT159718,2020-03-09T00:00:00Z,Severe acute respiratory syndrome-related coronavirus,29882,USA,USA,SARS_CV2,
MT159712,2020-03-09T00:00:00Z,Severe acute respiratory syndrome-related coronavirus,29882,USA,USA,SARS_CV2,
MT159719,2020-03-09T00:00:00Z,Severe acute respiratory syndrome-related coronavirus,29882,USA,USA,SARS_CV2,
MT159717,2020-03-09T00:00:00Z,Severe acute respiratory syndrome-related coronavirus,29882,USA,USA,SARS_CV2,
MT159715,2020-03-09T00:00:00Z,Severe acute respiratory syndrome-related coronavirus,29882,USA,USA,SARS_CV2,
MT159716,2020-03-09T00:00:00Z,Severe acute respiratory syndrome-related coronavirus,29867,USA,USA,SARS_CV2,
MT159722,2020-03-09T00:00:00Z,Severe acute respiratory syndrome-related coronavirus,29882,USA,USA,SARS_CV2,
MT159705,2020-03-09T00:00:00Z,Severe acute respiratory syndrome-related coronavirus,29882,USA,USA,SARS_CV2,
MT159710,2020-03-09T00:00:00Z,Severe acute respiratory syndrome-related coronavirus,29882,USA,USA,SARS_CV2,
MT159714,2020-03-09T00:00:00Z,Severe acute respiratory syndrome-related coronavirus,29882,USA,USA,SARS_CV2,
MT152824,2020-03-05T00:00:00Z,Severe acute respiratory syndrome-related coronavirus,29878,USA,USA,SARS_CV2,
MT118835,2020-02-27T00:00:00Z,Severe acute respiratory syndrome-related coronavirus,29882,USA,USA,SARS_CV2,
MT106053,2020-02-24T00:00:00Z,Severe acute respiratory syndrome-related coronavirus,29882,USA,USA,SARS_CV2,
MT106052,2020-02-24T00:00:00Z,Severe acute respiratory syndrome-related coronavirus,29882,USA,USA,SARS_CV2,
MT106054,2020-02-24T00:00:00Z,Severe acute respiratory syndrome-related coronavirus,29882,USA,USA,SARS_CV2,
MT044258,2020-02-12T00:00:00Z,Severe acute respiratory syndrome-related coronavirus,29858,USA,USA,SARS_CV2,
MT044257,2020-02-12T00:00:00Z,Severe acute respiratory syndrome-related coronavirus,29882,USA,USA,SARS_CV2,
MT039887,2020-02-11T00:00:00Z,Severe acute respiratory syndrome-related coronavirus,29879,USA,USA,SARS_CV2,
MT039888,2020-02-11T00:00:00Z,Severe acute respiratory syndrome-related coronavirus,29882,USA,USA,SARS_CV2,
MT027063,2020-02-07T00:00:00Z,Severe acute respiratory syndrome-related coronavirus,29882,USA,USA,SARS_CV2,
MT027064,2020-02-07T00:00:00Z,Severe acute respiratory syndrome-related coronavirus,29882,USA,USA,SARS_CV2,
MT027062,2020-02-07T00:00:00Z,Severe acute respiratory syndrome-related coronavirus,29882,USA,USA,SARS_CV2,
MT020880,2020-02-05T00:00:00Z,Severe acute respiratory syndrome-related coronavirus,29882,USA,USA,SARS_CV2,
MT020881,2020-02-05T00:00:00Z,Severe acute respiratory syndrome-related coronavirus,29882,USA,USA,SARS_CV2,
MN994467,2020-01-28T00:00:00Z,Severe acute respiratory syndrome-related coronavirus,29882,USA,USA,SARS_CV2,
MN994468,2020-01-28T00:00:00Z,Severe acute respiratory syndrome-related coronavirus,29883,USA,USA,SARS_CV2,
MN997409,2020-01-28T00:00:00Z,Severe acute respiratory syndrome-related coronavirus,29882,USA,USA,SARS_CV2,
MN988713,2020-01-25T00:00:00Z,Severe acute respiratory syndrome-related coronavirus,29882,USA,USA,SARS_CV2,
MN985325,2020-01-24T00:00:00Z,Severe acute respiratory syndrome-related coronavirus,29882,USA,USA,SARS_CV2,
MN369046,2019-09-16T00:00:00Z,Human coronavirus 229E,27075,USA,USA,Human coronavirus 229E,
MN306043,2019-08-25T00:00:00Z,Betacoronavirus 1,30716,USA,USA,Betacoronavirus 1,
MN306040,2019-08-25T00:00:00Z,Human coronavirus NL63,27537,USA,USA,Human coronavirus NL63,
MN306041,2019-08-25T00:00:00Z,Betacoronavirus 1,30717,USA,USA,Betacoronavirus 1,
MN306042,2019-08-25T00:00:00Z,Betacoronavirus 1,30723,USA,USA,Betacoronavirus 1,
MN306053,2019-08-25T00:00:00Z,Betacoronavirus 1,30818,USA,USA,Betacoronavirus 1,
MN310476,2019-08-25T00:00:00Z,Betacoronavirus 1,30562,USA,USA,Betacoronavirus 1,
MN310478,2019-08-25T00:00:00Z,Betacoronavirus 1,30681,USA,USA,Betacoronavirus 1,
MN306036,2019-08-25T00:00:00Z,Betacoronavirus 1,30681,USA,USA,Betacoronavirus 1,
MN306046,2019-08-25T00:00:00Z,Human coronavirus 229E,27270,USA,USA,Human coronavirus 229E,
MN306018,2019-08-25T00:00:00Z,Human coronavirus NL63,27484,USA,USA,Human coronavirus NL63,
MK167038,2019-01-09T00:00:00Z,Human coronavirus HKU1,29921,USA,USA,Human coronavirus HKU1,
MH121121,2018-12-25T00:00:00Z,Betacoronavirus 1,30722,USA,USA,Betacoronavirus 1,
MK062180,2018-11-21T00:00:00Z,Severe acute respiratory syndrome-related coronavirus,29727,USA,USA,SARS_CV2,
MK062182,2018-11-21T00:00:00Z,Severe acute respiratory syndrome-related coronavirus,29727,USA,USA,SARS_CV2,
MK062184,2018-11-21T00:00:00Z,Severe acute respiratory syndrome-related coronavirus,29874,USA,USA,SARS_CV2,
MK062181,2018-11-21T00:00:00Z,Severe acute respiratory syndrome-related coronavirus,29727,USA,USA,SARS_CV2,
MK062179,2018-11-21T00:00:00Z,Severe acute respiratory syndrome-related coronavirus,29727,USA,USA,SARS_CV2,
MK062183,2018-11-21T00:00:00Z,Severe acute respiratory syndrome-related coronavirus,29874,USA,USA,SARS_CV2,
MF314143,2018-03-31T00:00:00Z,Betacoronavirus 1,30737,USA,USA,Betacoronavirus 1,
MF374983,2017-10-28T00:00:00Z,Betacoronavirus 1,30721,USA,USA,Betacoronavirus 1,
MF374985,2017-10-28T00:00:00Z,Betacoronavirus 1,30705,USA,USA,Betacoronavirus 1,
MF374984,2017-10-28T00:00:00Z,Betacoronavirus 1,30713,USA,USA,Betacoronavirus 1,
KY983583,2017-06-04T00:00:00Z,Betacoronavirus 1,30668,USA,USA,Betacoronavirus 1,
KY983585,2017-06-04T00:00:00Z,Betacoronavirus 1,30659,USA,USA,Betacoronavirus 1,
KY983587,2017-06-04T00:00:00Z,Human coronavirus 229E,27235,USA,USA,Human coronavirus 229E,
KY983586,2017-06-04T00:00:00Z,Human coronavirus NL63,27489,USA,USA,Human coronavirus NL63,
KY983588,2017-06-04T00:00:00Z,Betacoronavirus 1,30562,USA,USA,Betacoronavirus 1,
KY967357,2017-04-29T00:00:00Z,Human coronavirus 229E,27242,USA,USA,Human coronavirus 229E,
KY967358,2017-04-29T00:00:00Z,Betacoronavirus 1,30670,USA,USA,Betacoronavirus 1,
KY967356,2017-04-29T00:00:00Z,Betacoronavirus 1,30648,USA,USA,Betacoronavirus 1,
KY621348,2017-04-29T00:00:00Z,Human coronavirus 229E,27144,USA,USA,Human coronavirus 229E,
KY967360,2017-04-29T00:00:00Z,Betacoronavirus 1,30674,USA,USA,Betacoronavirus 1,
KY967359,2017-04-29T00:00:00Z,Betacoronavirus 1,30670,USA,USA,Betacoronavirus 1,
KY829118,2017-04-29T00:00:00Z,Human coronavirus NL63,27513,USA,USA,Human coronavirus NL63,
KY967361,2017-04-29T00:00:00Z,Betacoronavirus 1,30661,USA,USA,Betacoronavirus 1,
KY554972,2017-04-09T00:00:00Z,Betacoronavirus 1,30710,USA,USA,Betacoronavirus 1,
KY554973,2017-04-09T00:00:00Z,Betacoronavirus 1,30713,USA,USA,Betacoronavirus 1,
KY554974,2017-04-09T00:00:00Z,Betacoronavirus 1,30713,USA,USA,Betacoronavirus 1,
KY554967,2017-04-09T00:00:00Z,Human coronavirus NL63,27523,USA,USA,Human coronavirus NL63,
KY554968,2017-04-09T00:00:00Z,Human coronavirus NL63,27523,USA,USA,Human coronavirus NL63,
KY554969,2017-04-09T00:00:00Z,Human coronavirus NL63,27509,USA,USA,Human coronavirus NL63,
KY554971,2017-04-09T00:00:00Z,Human coronavirus NL63,27550,USA,USA,Human coronavirus NL63,
KY554975,2017-04-09T00:00:00Z,Betacoronavirus 1,30669,USA,USA,Betacoronavirus 1,
KY554970,2017-04-09T00:00:00Z,Human coronavirus NL63,27540,USA,USA,Human coronavirus NL63,
KY674917,2017-03-29T00:00:00Z,Betacoronavirus 1,30536,USA,USA,Betacoronavirus 1,
KY674920,2017-03-29T00:00:00Z,Betacoronavirus 1,30581,USA,USA,Betacoronavirus 1,
KY674942,2017-03-29T00:00:00Z,Human coronavirus HKU1,29893,USA,USA,Human coronavirus HKU1,
KY674943,2017-03-29T00:00:00Z,Human coronavirus HKU1,29908,USA,USA,Human coronavirus HKU1,
KY674941,2017-03-29T00:00:00Z,Human coronavirus HKU1,29367,USA,USA,Human coronavirus HKU1,
KY674916,2017-03-29T00:00:00Z,Human coronavirus NL63,27492,USA,USA,Human coronavirus NL63,
KY674918,2017-03-29T00:00:00Z,Betacoronavirus 1,30550,USA,USA,Betacoronavirus 1,
KY674915,2017-03-29T00:00:00Z,Human coronavirus NL63,27302,USA,USA,Human coronavirus NL63,
KY674921,2017-03-29T00:00:00Z,Human coronavirus HKU1,29820,USA,USA,Human coronavirus HKU1,
KY674914,2017-03-29T00:00:00Z,Human coronavirus 229E,27055,USA,USA,Human coronavirus 229E,
KY674919,2017-03-29T00:00:00Z,Human coronavirus 229E,27136,USA,USA,Human coronavirus 229E,
KY684760,2017-03-26T00:00:00Z,Human coronavirus 229E,27249,USA,USA,Human coronavirus 229E,
KY684759,2017-03-26T00:00:00Z,Betacoronavirus 1,30656,USA,USA,Betacoronavirus 1,
KY369906,2017-01-16T00:00:00Z,Betacoronavirus 1,30689,USA,USA,Betacoronavirus 1,
KY369907,2017-01-16T00:00:00Z,Betacoronavirus 1,30725,USA,USA,Betacoronavirus 1,
KY369905,2017-01-16T00:00:00Z,Betacoronavirus 1,30581,USA,USA,Betacoronavirus 1,
KY369908,2017-01-15T00:00:00Z,Human coronavirus 229E,27193,USA,USA,Human coronavirus 229E,
KY369911,2017-01-15T00:00:00Z,Human coronavirus 229E,27226,USA,USA,Human coronavirus 229E,
KY369910,2017-01-15T00:00:00Z,Human coronavirus 229E,27182,USA,USA,Human coronavirus 229E,
KY369912,2017-01-15T00:00:00Z,Human coronavirus 229E,27208,USA,USA,Human coronavirus 229E,
KY369909,2017-01-15T00:00:00Z,Human coronavirus 229E,26592,USA,USA,Human coronavirus 229E,
KY369914,2017-01-15T00:00:00Z,Human coronavirus 229E,27231,USA,USA,Human coronavirus 229E,
KY369913,2017-01-15T00:00:00Z,Human coronavirus 229E,27238,USA,USA,Human coronavirus 229E,
KX179500,2016-12-03T00:00:00Z,Human coronavirus NL63,27553,USA,USA,Human coronavirus NL63,
KU521535,2016-07-25T00:00:00Z,Human coronavirus NL63,27553,USA,USA,Human coronavirus NL63,
KT381875,2015-10-21T00:00:00Z,Human coronavirus NL63,27553,USA,USA,Human coronavirus NL63,
KP223131,2014-12-14T00:00:00Z,Middle East respiratory syndrome-related coronavirus,30123,USA,USA,ME_CV,
KJ829365,2014-05-14T00:00:00Z,Middle East respiratory syndrome-related coronavirus,30123,USA,USA,ME_CV,
KJ813439,2014-05-13T00:00:00Z,Middle East respiratory syndrome-related coronavirus,30123,USA,USA,ME_CV,
KF530075,2013-10-07T00:00:00Z,Betacoronavirus 1,30577,USA,USA,Betacoronavirus 1,
KF530085,2013-10-07T00:00:00Z,Betacoronavirus 1,30569,USA,USA,Betacoronavirus 1,
KF530067,2013-10-07T00:00:00Z,Betacoronavirus 1,30608,USA,USA,Betacoronavirus 1,
KF530083,2013-10-07T00:00:00Z,Betacoronavirus 1,30577,USA,USA,Betacoronavirus 1,
KF530084,2013-10-07T00:00:00Z,Betacoronavirus 1,30577,USA,USA,Betacoronavirus 1,
KF530089,2013-10-07T00:00:00Z,Betacoronavirus 1,30611,USA,USA,Betacoronavirus 1,
KF530060,2013-10-07T00:00:00Z,Betacoronavirus 1,30577,USA,USA,Betacoronavirus 1,
KF530061,2013-10-07T00:00:00Z,Betacoronavirus 1,30577,USA,USA,Betacoronavirus 1,
KF530064,2013-10-07T00:00:00Z,Betacoronavirus 1,30577,USA,USA,Betacoronavirus 1,
KF530065,2013-10-07T00:00:00Z,Betacoronavirus 1,30577,USA,USA,Betacoronavirus 1,
KF530086,2013-10-07T00:00:00Z,Betacoronavirus 1,30577,USA,USA,Betacoronavirus 1,
KF530091,2013-10-07T00:00:00Z,Betacoronavirus 1,30606,USA,USA,Betacoronavirus 1,
KF530068,2013-10-07T00:00:00Z,Betacoronavirus 1,30572,USA,USA,Betacoronavirus 1,
KF530077,2013-10-07T00:00:00Z,Betacoronavirus 1,30577,USA,USA,Betacoronavirus 1,
KF530090,2013-10-07T00:00:00Z,Betacoronavirus 1,30577,USA,USA,Betacoronavirus 1,
KF530095,2013-10-07T00:00:00Z,Betacoronavirus 1,30602,USA,USA,Betacoronavirus 1,
KF530099,2013-10-07T00:00:00Z,Betacoronavirus 1,30578,USA,USA,Betacoronavirus 1,
KF530104,2013-10-07T00:00:00Z,Human coronavirus NL63,27410,USA,USA,Human coronavirus NL63,
KF530114,2013-10-07T00:00:00Z,Human coronavirus NL63,27410,USA,USA,Human coronavirus NL63,
KF530092,2013-10-07T00:00:00Z,Betacoronavirus 1,30577,USA,USA,Betacoronavirus 1,
KF530066,2013-10-07T00:00:00Z,Betacoronavirus 1,30564,USA,USA,Betacoronavirus 1,
KF530087,2013-10-07T00:00:00Z,Betacoronavirus 1,30577,USA,USA,Betacoronavirus 1,
KF530105,2013-10-07T00:00:00Z,Human coronavirus NL63,27413,USA,USA,Human coronavirus NL63,
KF530072,2013-10-07T00:00:00Z,Betacoronavirus 1,30577,USA,USA,Betacoronavirus 1,
KF530073,2013-10-07T00:00:00Z,Betacoronavirus 1,30577,USA,USA,Betacoronavirus 1,
KF530078,2013-10-07T00:00:00Z,Betacoronavirus 1,30568,USA,USA,Betacoronavirus 1,
KF530096,2013-10-07T00:00:00Z,Betacoronavirus 1,30589,USA,USA,Betacoronavirus 1,
KF530069,2013-10-07T00:00:00Z,Betacoronavirus 1,30578,USA,USA,Betacoronavirus 1,
KF530079,2013-10-07T00:00:00Z,Betacoronavirus 1,30581,USA,USA,Betacoronavirus 1,
KF530097,2013-10-07T00:00:00Z,Betacoronavirus 1,30577,USA,USA,Betacoronavirus 1,
KF530074,2013-10-07T00:00:00Z,Betacoronavirus 1,30590,USA,USA,Betacoronavirus 1,
KF530107,2013-10-07T00:00:00Z,Human coronavirus NL63,27410,USA,USA,Human coronavirus NL63,
KF530113,2013-10-07T00:00:00Z,Human coronavirus NL63,27410,USA,USA,Human coronavirus NL63,
KF530080,2013-10-07T00:00:00Z,Betacoronavirus 1,30577,USA,USA,Betacoronavirus 1,
KF530081,2013-10-07T00:00:00Z,Betacoronavirus 1,30571,USA,USA,Betacoronavirus 1,
KF530106,2013-10-07T00:00:00Z,Human coronavirus NL63,27401,USA,USA,Human coronavirus NL63,
KF530108,2013-10-07T00:00:00Z,Human coronavirus NL63,27410,USA,USA,Human coronavirus NL63,
KF530110,2013-10-07T00:00:00Z,Human coronavirus NL63,27413,USA,USA,Human coronavirus NL63,
KF530088,2013-10-07T00:00:00Z,Betacoronavirus 1,30578,USA,USA,Betacoronavirus 1,
KF530071,2013-10-07T00:00:00Z,Betacoronavirus 1,30578,USA,USA,Betacoronavirus 1,
KF530063,2013-10-07T00:00:00Z,Betacoronavirus 1,30577,USA,USA,Betacoronavirus 1,
KF530076,2013-10-07T00:00:00Z,Betacoronavirus 1,30606,USA,USA,Betacoronavirus 1,
KF530082,2013-10-07T00:00:00Z,Betacoronavirus 1,30581,USA,USA,Betacoronavirus 1,
KF530094,2013-10-07T00:00:00Z,Betacoronavirus 1,30581,USA,USA,Betacoronavirus 1,
KF530098,2013-10-07T00:00:00Z,Betacoronavirus 1,30578,USA,USA,Betacoronavirus 1,
KF530111,2013-10-07T00:00:00Z,Human coronavirus NL63,27410,USA,USA,Human coronavirus NL63,
KF530070,2013-10-07T00:00:00Z,Betacoronavirus 1,30573,USA,USA,Betacoronavirus 1,
KF530109,2013-10-07T00:00:00Z,Human coronavirus NL63,27410,USA,USA,Human coronavirus NL63,
KF530112,2013-10-07T00:00:00Z,Human coronavirus NL63,27395,USA,USA,Human coronavirus NL63,
KF686342,2013-09-28T00:00:00Z,Human coronavirus HKU1,29742,USA,USA,Human coronavirus HKU1,
KF686341,2013-09-28T00:00:00Z,Human coronavirus HKU1,29832,USA,USA,Human coronavirus HKU1,
KF686343,2013-09-28T00:00:00Z,Human coronavirus HKU1,29983,USA,USA,Human coronavirus HKU1,
KF686344,2013-09-28T00:00:00Z,Human coronavirus HKU1,29695,USA,USA,Human coronavirus HKU1,
KF686340,2013-09-28T00:00:00Z,Human coronavirus HKU1,29923,USA,USA,Human coronavirus HKU1,
KF686346,2013-09-28T00:00:00Z,Human coronavirus HKU1,29982,USA,USA,Human coronavirus HKU1,
KF514430,2013-08-17T00:00:00Z,Human coronavirus 229E,27169,USA,USA,Human coronavirus 229E,
KF514432,2013-08-17T00:00:00Z,Human coronavirus 229E,27138,USA,USA,Human coronavirus 229E,
KF514433,2013-08-17T00:00:00Z,Human coronavirus 229E,27165,USA,USA,Human coronavirus 229E,
KF430201,2013-08-14T00:00:00Z,Human coronavirus HKU1,29934,USA,USA,Human coronavirus HKU1,
JX504050,2012-10-30T00:00:00Z,Human coronavirus NL63,27553,USA,USA,Human coronavirus NL63,
JQ765565,2012-03-24T00:00:00Z,Human coronavirus NL63,27469,USA,USA,Human coronavirus NL63,
JQ765563,2012-03-24T00:00:00Z,Human coronavirus NL63,27469,USA,USA,Human coronavirus NL63,
JQ765573,2012-03-24T00:00:00Z,Human coronavirus NL63,27487,USA,USA,Human coronavirus NL63,
JQ765567,2012-03-24T00:00:00Z,Human coronavirus NL63,27487,USA,USA,Human coronavirus NL63,
JQ765568,2012-03-24T00:00:00Z,Human coronavirus NL63,27487,USA,USA,Human coronavirus NL63,
JQ765570,2012-03-24T00:00:00Z,Human coronavirus NL63,27469,USA,USA,Human coronavirus NL63,
JQ765574,2012-03-24T00:00:00Z,Human coronavirus NL63,27487,USA,USA,Human coronavirus NL63,
JQ765564,2012-03-24T00:00:00Z,Human coronavirus NL63,27469,USA,USA,Human coronavirus NL63,
JQ765572,2012-03-24T00:00:00Z,Human coronavirus NL63,27487,USA,USA,Human coronavirus NL63,
JQ765575,2012-03-24T00:00:00Z,Human coronavirus NL63,27487,USA,USA,Human coronavirus NL63,
JQ765566,2012-03-24T00:00:00Z,Human coronavirus NL63,27487,USA,USA,Human coronavirus NL63,
JQ765569,2012-03-24T00:00:00Z,Human coronavirus NL63,27469,USA,USA,Human coronavirus NL63,
JQ765571,2012-03-24T00:00:00Z,Human coronavirus NL63,27487,USA,USA,Human coronavirus NL63,
FJ882963,2009-05-12T00:00:00Z,Severe acute respiratory syndrome-related coronavirus,29682,USA,USA,SARS_CV2,
MH940245,2018-10-29T00:00:00Z,Human coronavirus HKU1,29811,Thailand,East Asia,Human coronavirus HKU1,
KT225476,2015-07-07T00:00:00Z,Middle East respiratory syndrome-related coronavirus,29809,Thailand,East Asia,ME_CV,
MT192759,2020-03-16T00:00:00Z,Severe acute respiratory syndrome-related coronavirus,29862,Taiwan,East Asia,SARS_CV2,
MT066175,2020-02-14T00:00:00Z,Severe acute respiratory syndrome-related coronavirus,29870,Taiwan,East Asia,SARS_CV2,
MT066176,2020-02-14T00:00:00Z,Severe acute respiratory syndrome-related coronavirus,29870,Taiwan,East Asia,SARS_CV2,
MT093571,2020-02-21T00:00:00Z,Severe acute respiratory syndrome-related coronavirus,29886,Sweden,Europe,SARS_CV2,
MT233522,2020-03-24T00:00:00Z,Severe acute respiratory syndrome-related coronavirus,29782,Spain,Europe,SARS_CV2,
MT233519,2020-03-24T00:00:00Z,Severe acute respiratory syndrome-related coronavirus,29782,Spain,Europe,SARS_CV2,
MT233523,2020-03-24T00:00:00Z,Severe acute respiratory syndrome-related coronavirus,29782,Spain,Europe,SARS_CV2,
MT198652,2020-03-17T00:00:00Z,Severe acute respiratory syndrome-related coronavirus,29782,Spain,Europe,SARS_CV2,
MT039890,2020-02-11T00:00:00Z,Severe acute respiratory syndrome-related coronavirus,29903,South Korea,East Asia,SARS_CV2,
MK796425,2019-05-20T00:00:00Z,Middle East respiratory syndrome-related coronavirus,30108,South Korea,East Asia,ME_CV,
MK129253,2019-02-26T00:00:00Z,Middle East respiratory syndrome-related coronavirus,30150,South Korea,East Asia,ME_CV,
MG772808,2018-02-13T00:00:00Z,Human coronavirus NL63,27535,South Korea,East Asia,Human coronavirus NL63,
KT326819,2017-07-25T00:00:00Z,Middle East respiratory syndrome-related coronavirus,29995,South Korea,East Asia,ME_CV,
KX034094,2016-05-08T00:00:00Z,Middle East respiratory syndrome-related coronavirus,30111,South Korea,East Asia,ME_CV,
KX034099,2016-05-08T00:00:00Z,Middle East respiratory syndrome-related coronavirus,30110,South Korea,East Asia,ME_CV,
KX034100,2016-05-08T00:00:00Z,Middle East respiratory syndrome-related coronavirus,30118,South Korea,East Asia,ME_CV,
KX034095,2016-05-08T00:00:00Z,Middle East respiratory syndrome-related coronavirus,30118,South Korea,East Asia,ME_CV,
KX034097,2016-05-08T00:00:00Z,Middle East respiratory syndrome-related coronavirus,30118,South Korea,East Asia,ME_CV,
KX034096,2016-05-08T00:00:00Z,Middle East respiratory syndrome-related coronavirus,30082,South Korea,East Asia,ME_CV,
KX034098,2016-05-08T00:00:00Z,Middle East respiratory syndrome-related coronavirus,30106,South Korea,East Asia,ME_CV,
KU308549,2016-03-01T00:00:00Z,Middle East respiratory syndrome-related coronavirus,30119,South Korea,East Asia,ME_CV,
KT374057,2015-11-24T00:00:00Z,Middle East respiratory syndrome-related coronavirus,29831,South Korea,East Asia,ME_CV,
KT374051,2015-11-24T00:00:00Z,Middle East respiratory syndrome-related coronavirus,29831,South Korea,East Asia,ME_CV,
KT374050,2015-11-24T00:00:00Z,Middle East respiratory syndrome-related coronavirus,29831,South Korea,East Asia,ME_CV,
KT374053,2015-11-24T00:00:00Z,Middle East respiratory syndrome-related coronavirus,29831,South Korea,East Asia,ME_CV,
KT374055,2015-11-24T00:00:00Z,Middle East respiratory syndrome-related coronavirus,29831,South Korea,East Asia,ME_CV,
KT374056,2015-11-24T00:00:00Z,Middle East respiratory syndrome-related coronavirus,29831,South Korea,East Asia,ME_CV,
KT374054,2015-11-24T00:00:00Z,Middle East respiratory syndrome-related coronavirus,29831,South Korea,East Asia,ME_CV,
KT374052,2015-11-24T00:00:00Z,Middle East respiratory syndrome-related coronavirus,29831,South Korea,East Asia,ME_CV,
KT029139,2015-06-09T00:00:00Z,Middle East respiratory syndrome-related coronavirus,30108,South Korea,East Asia,ME_CV,
MN723544,2019-12-18T00:00:00Z,Middle East respiratory syndrome-related coronavirus,30123,Saudi Arabia,Middle East,ME_CV,
MN723543,2019-12-18T00:00:00Z,Middle East respiratory syndrome-related coronavirus,30120,Saudi Arabia,Middle East,ME_CV,
MN723542,2019-12-18T00:00:00Z,Middle East respiratory syndrome-related coronavirus,30120,Saudi Arabia,Middle East,ME_CV,
MN365232,2019-09-04T00:00:00Z,Middle East respiratory syndrome-related coronavirus,30118,Saudi Arabia,Middle East,ME_CV,
MN365233,2019-09-04T00:00:00Z,Middle East respiratory syndrome-related coronavirus,30118,Saudi Arabia,Middle East,ME_CV,
MN120513,2019-07-27T00:00:00Z,Middle East respiratory syndrome-related coronavirus,30118,Saudi Arabia,Middle East,ME_CV,
MN120514,2019-07-27T00:00:00Z,Middle East respiratory syndrome-related coronavirus,30118,Saudi Arabia,Middle East,ME_CV,
MH029552,2019-03-06T00:00:00Z,Middle East respiratory syndrome-related coronavirus,30123,Saudi Arabia,Middle East,ME_CV,
MK462254,2019-03-02T00:00:00Z,Middle East respiratory syndrome-related coronavirus,30118,Saudi Arabia,Middle East,ME_CV,
MK462256,2019-03-02T00:00:00Z,Middle East respiratory syndrome-related coronavirus,30118,Saudi Arabia,Middle East,ME_CV,
MK462245,2019-03-02T00:00:00Z,Middle East respiratory syndrome-related coronavirus,30115,Saudi Arabia,Middle East,ME_CV,
MK462250,2019-03-02T00:00:00Z,Middle East respiratory syndrome-related coronavirus,30118,Saudi Arabia,Middle East,ME_CV,
MK462251,2019-03-02T00:00:00Z,Middle East respiratory syndrome-related coronavirus,30118,Saudi Arabia,Middle East,ME_CV,
MK462246,2019-03-02T00:00:00Z,Middle East respiratory syndrome-related coronavirus,30115,Saudi Arabia,Middle East,ME_CV,
MK462247,2019-03-02T00:00:00Z,Middle East respiratory syndrome-related coronavirus,30118,Saudi Arabia,Middle East,ME_CV,
MK462248,2019-03-02T00:00:00Z,Middle East respiratory syndrome-related coronavirus,30118,Saudi Arabia,Middle East,ME_CV,
MK462244,2019-03-02T00:00:00Z,Middle East respiratory syndrome-related coronavirus,30118,Saudi Arabia,Middle East,ME_CV,
MK462243,2019-03-02T00:00:00Z,Middle East respiratory syndrome-related coronavirus,30115,Saudi Arabia,Middle East,ME_CV,
MK462253,2019-03-02T00:00:00Z,Middle East respiratory syndrome-related coronavirus,30118,Saudi Arabia,Middle East,ME_CV,
MK462255,2019-03-02T00:00:00Z,Middle East respiratory syndrome-related coronavirus,30052,Saudi Arabia,Middle East,ME_CV,
MK483839,2019-03-02T00:00:00Z,Middle East respiratory syndrome-related coronavirus,30118,Saudi Arabia,Middle East,ME_CV,
MK462249,2019-03-02T00:00:00Z,Middle East respiratory syndrome-related coronavirus,30118,Saudi Arabia,Middle East,ME_CV,
MK462252,2019-03-02T00:00:00Z,Middle East respiratory syndrome-related coronavirus,30118,Saudi Arabia,Middle East,ME_CV,
MG757602,2019-01-31T00:00:00Z,Middle East respiratory syndrome-related coronavirus,30096,Saudi Arabia,Middle East,ME_CV,
MG757599,2019-01-31T00:00:00Z,Middle East respiratory syndrome-related coronavirus,30096,Saudi Arabia,Middle East,ME_CV,
MG757600,2019-01-31T00:00:00Z,Middle East respiratory syndrome-related coronavirus,30096,Saudi Arabia,Middle East,ME_CV,
MG757601,2019-01-31T00:00:00Z,Middle East respiratory syndrome-related coronavirus,30096,Saudi Arabia,Middle East,ME_CV,
MG757604,2019-01-31T00:00:00Z,Middle East respiratory syndrome-related coronavirus,30096,Saudi Arabia,Middle East,ME_CV,
MG757603,2019-01-31T00:00:00Z,Middle East respiratory syndrome-related coronavirus,30096,Saudi Arabia,Middle East,ME_CV,
MG757605,2019-01-31T00:00:00Z,Middle East respiratory syndrome-related coronavirus,30096,Saudi Arabia,Middle East,ME_CV,
MG757597,2019-01-31T00:00:00Z,Middle East respiratory syndrome-related coronavirus,30096,Saudi Arabia,Middle East,ME_CV,
MG757596,2019-01-31T00:00:00Z,Middle East respiratory syndrome-related coronavirus,30096,Saudi Arabia,Middle East,ME_CV,
MG757598,2019-01-31T00:00:00Z,Middle East respiratory syndrome-related coronavirus,30096,Saudi Arabia,Middle East,ME_CV,
MG757593,2019-01-31T00:00:00Z,Middle East respiratory syndrome-related coronavirus,30096,Saudi Arabia,Middle East,ME_CV,
MG757594,2019-01-31T00:00:00Z,Middle East respiratory syndrome-related coronavirus,30096,Saudi Arabia,Middle East,ME_CV,
MG757595,2019-01-31T00:00:00Z,Middle East respiratory syndrome-related coronavirus,30096,Saudi Arabia,Middle East,ME_CV,
MG520076,2018-10-22T00:00:00Z,Middle East respiratory syndrome-related coronavirus,30096,Saudi Arabia,Middle East,ME_CV,
MG520075,2018-10-22T00:00:00Z,Middle East respiratory syndrome-related coronavirus,30096,Saudi Arabia,Middle East,ME_CV,
MG546330,2018-10-20T00:00:00Z,Middle East respiratory syndrome-related coronavirus,30123,Saudi Arabia,Middle East,ME_CV,
MG546331,2018-10-20T00:00:00Z,Middle East respiratory syndrome-related coronavirus,30123,Saudi Arabia,Middle East,ME_CV,
MG912597,2018-08-31T00:00:00Z,Middle East respiratory syndrome-related coronavirus,30123,Saudi Arabia,Middle East,ME_CV,
MG912598,2018-08-31T00:00:00Z,Middle East respiratory syndrome-related coronavirus,30123,Saudi Arabia,Middle East,ME_CV,
MH310910,2018-08-31T00:00:00Z,Middle East respiratory syndrome-related coronavirus,30096,Saudi Arabia,Middle East,ME_CV,
MG912607,2018-08-31T00:00:00Z,Middle East respiratory syndrome-related coronavirus,30123,Saudi Arabia,Middle East,ME_CV,
MG912596,2018-08-31T00:00:00Z,Middle East respiratory syndrome-related coronavirus,30123,Saudi Arabia,Middle East,ME_CV,
MG912599,2018-08-31T00:00:00Z,Middle East respiratory syndrome-related coronavirus,30123,Saudi Arabia,Middle East,ME_CV,
MH310912,2018-08-31T00:00:00Z,Middle East respiratory syndrome-related coronavirus,30085,Saudi Arabia,Middle East,ME_CV,
MG912595,2018-08-31T00:00:00Z,Middle East respiratory syndrome-related coronavirus,30123,Saudi Arabia,Middle East,ME_CV,
MG912600,2018-08-31T00:00:00Z,Middle East respiratory syndrome-related coronavirus,30123,Saudi Arabia,Middle East,ME_CV,
MG912602,2018-08-31T00:00:00Z,Middle East respiratory syndrome-related coronavirus,30123,Saudi Arabia,Middle East,ME_CV,
MG912603,2018-08-31T00:00:00Z,Middle East respiratory syndrome-related coronavirus,30123,Saudi Arabia,Middle East,ME_CV,
MG912604,2018-08-31T00:00:00Z,Middle East respiratory syndrome-related coronavirus,30123,Saudi Arabia,Middle East,ME_CV,
MG912608,2018-08-31T00:00:00Z,Middle East respiratory syndrome-related coronavirus,30123,Saudi Arabia,Middle East,ME_CV,
MH310911,2018-08-31T00:00:00Z,Middle East respiratory syndrome-related coronavirus,30096,Saudi Arabia,Middle East,ME_CV,
MG912606,2018-08-31T00:00:00Z,Middle East respiratory syndrome-related coronavirus,30123,Saudi Arabia,Middle East,ME_CV,
MG912605,2018-08-31T00:00:00Z,Middle East respiratory syndrome-related coronavirus,30123,Saudi Arabia,Middle East,ME_CV,
MH310909,2018-08-31T00:00:00Z,Middle East respiratory syndrome-related coronavirus,30065,Saudi Arabia,Middle East,ME_CV,
MG912601,2018-08-31T00:00:00Z,Middle East respiratory syndrome-related coronavirus,30123,Saudi Arabia,Middle East,ME_CV,
MG366483,2018-08-21T00:00:00Z,Middle East respiratory syndrome-related coronavirus,30096,Saudi Arabia,Middle East,ME_CV,
MH432120,2018-07-31T00:00:00Z,Middle East respiratory syndrome-related coronavirus,30119,Saudi Arabia,Middle East,ME_CV,
MH395139,2018-07-31T00:00:00Z,Middle East respiratory syndrome-related coronavirus,30119,Saudi Arabia,Middle East,ME_CV,
MH454272,2018-06-19T00:00:00Z,Middle East respiratory syndrome-related coronavirus,30119,Saudi Arabia,Middle East,ME_CV,
MH306207,2018-05-30T00:00:00Z,Middle East respiratory syndrome-related coronavirus,30119,Saudi Arabia,Middle East,ME_CV,
MH013216,2018-04-10T00:00:00Z,Middle East respiratory syndrome-related coronavirus,30118,Saudi Arabia,Middle East,ME_CV,
KY688118,2017-12-31T00:00:00Z,Middle East respiratory syndrome-related coronavirus,30075,Saudi Arabia,Middle East,ME_CV,
KY688122,2017-12-31T00:00:00Z,Middle East respiratory syndrome-related coronavirus,30059,Saudi Arabia,Middle East,ME_CV,
KY688121,2017-12-31T00:00:00Z,Middle East respiratory syndrome-related coronavirus,30039,Saudi Arabia,Middle East,ME_CV,
KY688119,2017-12-31T00:00:00Z,Middle East respiratory syndrome-related coronavirus,30061,Saudi Arabia,Middle East,ME_CV,
KY688120,2017-12-31T00:00:00Z,Middle East respiratory syndrome-related coronavirus,30102,Saudi Arabia,Middle East,ME_CV,
KY688123,2017-12-31T00:00:00Z,Middle East respiratory syndrome-related coronavirus,30102,Saudi Arabia,Middle East,ME_CV,
KY688124,2017-12-31T00:00:00Z,Middle East respiratory syndrome-related coronavirus,30102,Saudi Arabia,Middle East,ME_CV,
MG366882,2017-12-06T00:00:00Z,Middle East respiratory syndrome-related coronavirus,30123,Saudi Arabia,Middle East,ME_CV,
MG366881,2017-12-06T00:00:00Z,Middle East respiratory syndrome-related coronavirus,30123,Saudi Arabia,Middle East,ME_CV,
MG366880,2017-12-06T00:00:00Z,Middle East respiratory syndrome-related coronavirus,30123,Saudi Arabia,Middle East,ME_CV,
MG366883,2017-12-06T00:00:00Z,Middle East respiratory syndrome-related coronavirus,30123,Saudi Arabia,Middle East,ME_CV,
MG011357,2017-10-03T00:00:00Z,Middle East respiratory syndrome-related coronavirus,30096,Saudi Arabia,Middle East,ME_CV,
MG011349,2017-10-03T00:00:00Z,Middle East respiratory syndrome-related coronavirus,30096,Saudi Arabia,Middle East,ME_CV,
MG011360,2017-10-03T00:00:00Z,Middle East respiratory syndrome-related coronavirus,30096,Saudi Arabia,Middle East,ME_CV,
MG011362,2017-10-03T00:00:00Z,Middle East respiratory syndrome-related coronavirus,30096,Saudi Arabia,Middle East,ME_CV,
MG011341,2017-10-03T00:00:00Z,Middle East respiratory syndrome-related coronavirus,30096,Saudi Arabia,Middle East,ME_CV,
MG011344,2017-10-03T00:00:00Z,Middle East respiratory syndrome-related coronavirus,30096,Saudi Arabia,Middle East,ME_CV,
MG011346,2017-10-03T00:00:00Z,Middle East respiratory syndrome-related coronavirus,30096,Saudi Arabia,Middle East,ME_CV,
MG011356,2017-10-03T00:00:00Z,Middle East respiratory syndrome-related coronavirus,30096,Saudi Arabia,Middle East,ME_CV,
MG011361,2017-10-03T00:00:00Z,Middle East respiratory syndrome-related coronavirus,30096,Saudi Arabia,Middle East,ME_CV,
MG011348,2017-10-03T00:00:00Z,Middle East respiratory syndrome-related coronavirus,30096,Saudi Arabia,Middle East,ME_CV,
MG011350,2017-10-03T00:00:00Z,Middle East respiratory syndrome-related coronavirus,30096,Saudi Arabia,Middle East,ME_CV,
MG011354,2017-10-03T00:00:00Z,Middle East respiratory syndrome-related coronavirus,30096,Saudi Arabia,Middle East,ME_CV,
MG011355,2017-10-03T00:00:00Z,Middle East respiratory syndrome-related coronavirus,30096,Saudi Arabia,Middle East,ME_CV,
MG011340,2017-10-03T00:00:00Z,Middle East respiratory syndrome-related coronavirus,30096,Saudi Arabia,Middle East,ME_CV,
MG011343,2017-10-03T00:00:00Z,Middle East respiratory syndrome-related coronavirus,30096,Saudi Arabia,Middle East,ME_CV,
MG011351,2017-10-03T00:00:00Z,Middle East respiratory syndrome-related coronavirus,30096,Saudi Arabia,Middle East,ME_CV,
MG011342,2017-10-03T00:00:00Z,Middle East respiratory syndrome-related coronavirus,30096,Saudi Arabia,Middle East,ME_CV,
MG011345,2017-10-03T00:00:00Z,Middle East respiratory syndrome-related coronavirus,30096,Saudi Arabia,Middle East,ME_CV,
MG011352,2017-10-03T00:00:00Z,Middle East respiratory syndrome-related coronavirus,30096,Saudi Arabia,Middle East,ME_CV,
MG011358,2017-10-03T00:00:00Z,Middle East respiratory syndrome-related coronavirus,30096,Saudi Arabia,Middle East,ME_CV,
MG011353,2017-10-03T00:00:00Z,Middle East respiratory syndrome-related coronavirus,30096,Saudi Arabia,Middle East,ME_CV,
MG011359,2017-10-03T00:00:00Z,Middle East respiratory syndrome-related coronavirus,30096,Saudi Arabia,Middle East,ME_CV,
MG011347,2017-10-03T00:00:00Z,Middle East respiratory syndrome-related coronavirus,30096,Saudi Arabia,Middle East,ME_CV,
KX154693,2017-04-30T00:00:00Z,Middle East respiratory syndrome-related coronavirus,30096,Saudi Arabia,Middle East,ME_CV,
KX154691,2017-04-30T00:00:00Z,Middle East respiratory syndrome-related coronavirus,30096,Saudi Arabia,Middle East,ME_CV,
KX154692,2017-04-30T00:00:00Z,Middle East respiratory syndrome-related coronavirus,30096,Saudi Arabia,Middle East,ME_CV,
KX154686,2017-04-30T00:00:00Z,Middle East respiratory syndrome-related coronavirus,30096,Saudi Arabia,Middle East,ME_CV,
KX154687,2017-04-30T00:00:00Z,Middle East respiratory syndrome-related coronavirus,30096,Saudi Arabia,Middle East,ME_CV,
KX154688,2017-04-30T00:00:00Z,Middle East respiratory syndrome-related coronavirus,30096,Saudi Arabia,Middle East,ME_CV,
KX154694,2017-04-30T00:00:00Z,Middle East respiratory syndrome-related coronavirus,30096,Saudi Arabia,Middle East,ME_CV,
KX154689,2017-04-30T00:00:00Z,Middle East respiratory syndrome-related coronavirus,30096,Saudi Arabia,Middle East,ME_CV,
KX154684,2017-04-30T00:00:00Z,Middle East respiratory syndrome-related coronavirus,30096,Saudi Arabia,Middle East,ME_CV,
KX154685,2017-04-30T00:00:00Z,Middle East respiratory syndrome-related coronavirus,30096,Saudi Arabia,Middle East,ME_CV,
KX154690,2017-04-30T00:00:00Z,Middle East respiratory syndrome-related coronavirus,30096,Saudi Arabia,Middle East,ME_CV,
KU710265,2016-08-12T00:00:00Z,Middle East respiratory syndrome-related coronavirus,29566,Saudi Arabia,Middle East,ME_CV,
KU710264,2016-08-12T00:00:00Z,Middle East respiratory syndrome-related coronavirus,30096,Saudi Arabia,Middle East,ME_CV,
KU851862,2016-06-27T00:00:00Z,Middle East respiratory syndrome-related coronavirus,30096,Saudi Arabia,Middle East,ME_CV,
KU851861,2016-06-27T00:00:00Z,Middle East respiratory syndrome-related coronavirus,30096,Saudi Arabia,Middle East,ME_CV,
KU851859,2016-06-27T00:00:00Z,Middle East respiratory syndrome-related coronavirus,30076,Saudi Arabia,Middle East,ME_CV,
KU851860,2016-06-27T00:00:00Z,Middle East respiratory syndrome-related coronavirus,30096,Saudi Arabia,Middle East,ME_CV,
KU851863,2016-06-27T00:00:00Z,Middle East respiratory syndrome-related coronavirus,30096,Saudi Arabia,Middle East,ME_CV,
KU851864,2016-06-27T00:00:00Z,Middle East respiratory syndrome-related coronavirus,30096,Saudi Arabia,Middle East,ME_CV,
KT806054,2016-01-13T00:00:00Z,Middle East respiratory syndrome-related coronavirus,29695,Saudi Arabia,Middle East,ME_CV,
KT806049,2016-01-13T00:00:00Z,Middle East respiratory syndrome-related coronavirus,30096,Saudi Arabia,Middle East,ME_CV,
KT806052,2016-01-13T00:00:00Z,Middle East respiratory syndrome-related coronavirus,30096,Saudi Arabia,Middle East,ME_CV,
KT806045,2016-01-13T00:00:00Z,Middle East respiratory syndrome-related coronavirus,30096,Saudi Arabia,Middle East,ME_CV,
KT806046,2016-01-13T00:00:00Z,Middle East respiratory syndrome-related coronavirus,30096,Saudi Arabia,Middle East,ME_CV,
KT806048,2016-01-13T00:00:00Z,Middle East respiratory syndrome-related coronavirus,30096,Saudi Arabia,Middle East,ME_CV,
KT806051,2016-01-13T00:00:00Z,Middle East respiratory syndrome-related coronavirus,30096,Saudi Arabia,Middle East,ME_CV,
KT806047,2016-01-13T00:00:00Z,Middle East respiratory syndrome-related coronavirus,30087,Saudi Arabia,Middle East,ME_CV,
KT806053,2016-01-13T00:00:00Z,Middle East respiratory syndrome-related coronavirus,30096,Saudi Arabia,Middle East,ME_CV,
KT806044,2016-01-13T00:00:00Z,Middle East respiratory syndrome-related coronavirus,30096,Saudi Arabia,Middle East,ME_CV,
KT806055,2016-01-13T00:00:00Z,Middle East respiratory syndrome-related coronavirus,30096,Saudi Arabia,Middle East,ME_CV,
KT121575,2015-11-17T00:00:00Z,Middle East respiratory syndrome-related coronavirus,29896,Saudi Arabia,Middle East,ME_CV,
KT121573,2015-11-17T00:00:00Z,Middle East respiratory syndrome-related coronavirus,29896,Saudi Arabia,Middle East,ME_CV,
KT121572,2015-11-17T00:00:00Z,Middle East respiratory syndrome-related coronavirus,29896,Saudi Arabia,Middle East,ME_CV,
KT121577,2015-11-17T00:00:00Z,Middle East respiratory syndrome-related coronavirus,29896,Saudi Arabia,Middle East,ME_CV,
KT121579,2015-11-17T00:00:00Z,Middle East respiratory syndrome-related coronavirus,29751,Saudi Arabia,Middle East,ME_CV,
KT121580,2015-11-17T00:00:00Z,Middle East respiratory syndrome-related coronavirus,29799,Saudi Arabia,Middle East,ME_CV,
KT121578,2015-11-17T00:00:00Z,Middle East respiratory syndrome-related coronavirus,29785,Saudi Arabia,Middle East,ME_CV,
KT121581,2015-11-17T00:00:00Z,Middle East respiratory syndrome-related coronavirus,29751,Saudi Arabia,Middle East,ME_CV,
KT121574,2015-11-17T00:00:00Z,Middle East respiratory syndrome-related coronavirus,29896,Saudi Arabia,Middle East,ME_CV,
KT121576,2015-11-17T00:00:00Z,Middle East respiratory syndrome-related coronavirus,29896,Saudi Arabia,Middle East,ME_CV,
KT026453,2015-06-08T00:00:00Z,Middle East respiratory syndrome-related coronavirus,30114,Saudi Arabia,Middle East,ME_CV,
KT026455,2015-06-08T00:00:00Z,Middle East respiratory syndrome-related coronavirus,30114,Saudi Arabia,Middle East,ME_CV,
KT026454,2015-06-08T00:00:00Z,Middle East respiratory syndrome-related coronavirus,30123,Saudi Arabia,Middle East,ME_CV,
KT026456,2015-06-08T00:00:00Z,Middle East respiratory syndrome-related coronavirus,30120,Saudi Arabia,Middle East,ME_CV,
KR011265,2015-05-27T00:00:00Z,Middle East respiratory syndrome-related coronavirus,30096,Saudi Arabia,Middle East,ME_CV,
KR011264,2015-05-27T00:00:00Z,Middle East respiratory syndrome-related coronavirus,30096,Saudi Arabia,Middle East,ME_CV,
KR011263,2015-05-27T00:00:00Z,Middle East respiratory syndrome-related coronavirus,30096,Saudi Arabia,Middle East,ME_CV,
KR011266,2015-05-27T00:00:00Z,Middle East respiratory syndrome-related coronavirus,30096,Saudi Arabia,Middle East,ME_CV,
KM027255,2014-11-12T00:00:00Z,Middle East respiratory syndrome-related coronavirus,29919,Saudi Arabia,Middle East,ME_CV,
KM027262,2014-11-12T00:00:00Z,Middle East respiratory syndrome-related coronavirus,29896,Saudi Arabia,Middle East,ME_CV,
KM027257,2014-11-12T00:00:00Z,Middle East respiratory syndrome-related coronavirus,29774,Saudi Arabia,Middle East,ME_CV,
KM027256,2014-11-12T00:00:00Z,Middle East respiratory syndrome-related coronavirus,29918,Saudi Arabia,Middle East,ME_CV,
KM027258,2014-11-12T00:00:00Z,Middle East respiratory syndrome-related coronavirus,29809,Saudi Arabia,Middle East,ME_CV,
KM027259,2014-11-12T00:00:00Z,Middle East respiratory syndrome-related coronavirus,29918,Saudi Arabia,Middle East,ME_CV,
KM027261,2014-11-12T00:00:00Z,Middle East respiratory syndrome-related coronavirus,29809,Saudi Arabia,Middle East,ME_CV,
KM027260,2014-11-12T00:00:00Z,Middle East respiratory syndrome-related coronavirus,29874,Saudi Arabia,Middle East,ME_CV,
KF958702,2014-05-01T00:00:00Z,Middle East respiratory syndrome-related coronavirus,29851,Saudi Arabia,Middle East,ME_CV,
KJ556336,2014-03-24T00:00:00Z,Middle East respiratory syndrome-related coronavirus,29890,Saudi Arabia,Middle East,ME_CV,
KJ156949,2014-02-06T00:00:00Z,Middle East respiratory syndrome-related coronavirus,30055,Saudi Arabia,Middle East,ME_CV,
KJ156874,2014-02-06T00:00:00Z,Middle East respiratory syndrome-related coronavirus,30055,Saudi Arabia,Middle East,ME_CV,
KJ156944,2014-02-06T00:00:00Z,Middle East respiratory syndrome-related coronavirus,30055,Saudi Arabia,Middle East,ME_CV,
KJ156866,2014-02-06T00:00:00Z,Middle East respiratory syndrome-related coronavirus,30054,Saudi Arabia,Middle East,ME_CV,
KJ156952,2014-02-06T00:00:00Z,Middle East respiratory syndrome-related coronavirus,30054,Saudi Arabia,Middle East,ME_CV,
KJ156910,2014-02-06T00:00:00Z,Middle East respiratory syndrome-related coronavirus,30055,Saudi Arabia,Middle East,ME_CV,
KJ156881,2014-02-06T00:00:00Z,Middle East respiratory syndrome-related coronavirus,30055,Saudi Arabia,Middle East,ME_CV,
KJ156934,2014-02-06T00:00:00Z,Middle East respiratory syndrome-related coronavirus,30055,Saudi Arabia,Middle East,ME_CV,
KJ156869,2014-02-06T00:00:00Z,Middle East respiratory syndrome-related coronavirus,30055,Saudi Arabia,Middle East,ME_CV,
KF600613,2013-09-17T00:00:00Z,Middle East respiratory syndrome-related coronavirus,30064,Saudi Arabia,Middle East,ME_CV,
KF600645,2013-09-17T00:00:00Z,Middle East respiratory syndrome-related coronavirus,30071,Saudi Arabia,Middle East,ME_CV,
KF600632,2013-09-17T00:00:00Z,Middle East respiratory syndrome-related coronavirus,30108,Saudi Arabia,Middle East,ME_CV,
KF600644,2013-09-17T00:00:00Z,Middle East respiratory syndrome-related coronavirus,30078,Saudi Arabia,Middle East,ME_CV,
KF600620,2013-09-17T00:00:00Z,Middle East respiratory syndrome-related coronavirus,30056,Saudi Arabia,Middle East,ME_CV,
KF600627,2013-09-17T00:00:00Z,Middle East respiratory syndrome-related coronavirus,30076,Saudi Arabia,Middle East,ME_CV,
KF600612,2013-09-17T00:00:00Z,Middle East respiratory syndrome-related coronavirus,30063,Saudi Arabia,Middle East,ME_CV,
KF600628,2013-09-17T00:00:00Z,Middle East respiratory syndrome-related coronavirus,30104,Saudi Arabia,Middle East,ME_CV,
KF600630,2013-09-17T00:00:00Z,Middle East respiratory syndrome-related coronavirus,30081,Saudi Arabia,Middle East,ME_CV,
KF600647,2013-09-17T00:00:00Z,Middle East respiratory syndrome-related coronavirus,30115,Saudi Arabia,Middle East,ME_CV,
KF600652,2013-09-17T00:00:00Z,Middle East respiratory syndrome-related coronavirus,30082,Saudi Arabia,Middle East,ME_CV,
KF600634,2013-09-17T00:00:00Z,Middle East respiratory syndrome-related coronavirus,30063,Saudi Arabia,Middle East,ME_CV,
KF600651,2013-09-17T00:00:00Z,Middle East respiratory syndrome-related coronavirus,30105,Saudi Arabia,Middle East,ME_CV,
KF186567,2013-06-10T00:00:00Z,Middle East respiratory syndrome-related coronavirus,30117,Saudi Arabia,Middle East,ME_CV,
KF186565,2013-06-10T00:00:00Z,Middle East respiratory syndrome-related coronavirus,30069,Saudi Arabia,Middle East,ME_CV,
KF186566,2013-06-10T00:00:00Z,Middle East respiratory syndrome-related coronavirus,30113,Saudi Arabia,Middle East,ME_CV,
KF186564,2013-06-10T00:00:00Z,Middle East respiratory syndrome-related coronavirus,30081,Saudi Arabia,Middle East,ME_CV,
MK280984,2019-01-13T00:00:00Z,Middle East respiratory syndrome-related coronavirus,30033,Qatar,Middle East,ME_CV,
KF961222,2013-12-23T00:00:00Z,Middle East respiratory syndrome-related coronavirus,30086,Qatar,Middle East,ME_CV,
KF961221,2013-12-23T00:00:00Z,Middle East respiratory syndrome-related coronavirus,30090,Qatar,Middle East,ME_CV,
MT240479,2020-03-25T00:00:00Z,Severe acute respiratory syndrome-related coronavirus,29836,Pakistan,Middle East,SARS_CV2,
KY673148,2017-12-31T00:00:00Z,Middle East respiratory syndrome-related coronavirus,30123,Oman,Middle East,ME_CV,
KT156561,2015-06-23T00:00:00Z,Middle East respiratory syndrome-related coronavirus,30123,Oman,Middle East,ME_CV,
KT156560,2015-06-23T00:00:00Z,Middle East respiratory syndrome-related coronavirus,30123,Oman,Middle East,ME_CV,
JX503060,2012-09-22T00:00:00Z,Human coronavirus 229E,27263,Netherlands,Europe,Human coronavirus 229E,
MT072688,2020-02-18T00:00:00Z,Severe acute respiratory syndrome-related coronavirus,29811,Nepal,East Asia,SARS_CV2,
KX344031,2016-09-11T00:00:00Z,Betacoronavirus 1,30713,Mexico,South America,Betacoronavirus 1,
KX538973,2017-02-18T00:00:00Z,Betacoronavirus 1,30716,Malaysia,East Asia,Betacoronavirus 1,
KX538974,2017-02-18T00:00:00Z,Betacoronavirus 1,30716,Malaysia,East Asia,Betacoronavirus 1,
KX538975,2017-02-18T00:00:00Z,Betacoronavirus 1,30716,Malaysia,East Asia,Betacoronavirus 1,
KX538976,2017-02-18T00:00:00Z,Betacoronavirus 1,30713,Malaysia,East Asia,Betacoronavirus 1,
KX538977,2017-02-18T00:00:00Z,Betacoronavirus 1,30716,Malaysia,East Asia,Betacoronavirus 1,
KX538978,2017-02-18T00:00:00Z,Betacoronavirus 1,30713,Malaysia,East Asia,Betacoronavirus 1,
KX538979,2017-02-18T00:00:00Z,Betacoronavirus 1,30713,Malaysia,East Asia,Betacoronavirus 1,
KX538965,2017-02-18T00:00:00Z,Betacoronavirus 1,30716,Malaysia,East Asia,Betacoronavirus 1,
KX538966,2017-02-18T00:00:00Z,Betacoronavirus 1,30713,Malaysia,East Asia,Betacoronavirus 1,
KX538967,2017-02-18T00:00:00Z,Betacoronavirus 1,30716,Malaysia,East Asia,Betacoronavirus 1,
KX538968,2017-02-18T00:00:00Z,Betacoronavirus 1,30716,Malaysia,East Asia,Betacoronavirus 1,
KX538969,2017-02-18T00:00:00Z,Betacoronavirus 1,30716,Malaysia,East Asia,Betacoronavirus 1,
KX538970,2017-02-18T00:00:00Z,Betacoronavirus 1,30713,Malaysia,East Asia,Betacoronavirus 1,
KX538971,2017-02-18T00:00:00Z,Betacoronavirus 1,30716,Malaysia,East Asia,Betacoronavirus 1,
KX538972,2017-02-18T00:00:00Z,Betacoronavirus 1,30713,Malaysia,East Asia,Betacoronavirus 1,
KX538964,2017-02-18T00:00:00Z,Betacoronavirus 1,30713,Malaysia,East Asia,Betacoronavirus 1,
MN026164,2019-07-07T00:00:00Z,Betacoronavirus 1,30777,Kenya,East Asia,Betacoronavirus 1,
MG428703,2018-05-22T00:00:00Z,Human coronavirus NL63,27685,Kenya,East Asia,Human coronavirus NL63,
MG428702,2018-05-22T00:00:00Z,Human coronavirus NL63,27781,Kenya,East Asia,Human coronavirus NL63,
MG428701,2018-05-22T00:00:00Z,Human coronavirus NL63,27623,Kenya,East Asia,Human coronavirus NL63,
MG428706,2018-05-22T00:00:00Z,Human coronavirus NL63,27637,Kenya,East Asia,Human coronavirus NL63,
MG428699,2018-05-22T00:00:00Z,Human coronavirus NL63,27513,Kenya,East Asia,Human coronavirus NL63,
MG428704,2018-05-22T00:00:00Z,Human coronavirus NL63,27832,Kenya,East Asia,Human coronavirus NL63,
MG428705,2018-05-22T00:00:00Z,Human coronavirus NL63,27587,Kenya,East Asia,Human coronavirus NL63,
MK039553,2018-11-19T00:00:00Z,Middle East respiratory syndrome-related coronavirus,30123,Jordan,Middle East,ME_CV,
MK039552,2018-11-19T00:00:00Z,Middle East respiratory syndrome-related coronavirus,30123,Jordan,Middle East,ME_CV,
MK052676,2018-11-05T00:00:00Z,Middle East respiratory syndrome-related coronavirus,30123,Jordan,Middle East,ME_CV,
MF000458,2018-10-15T00:00:00Z,Middle East respiratory syndrome-related coronavirus,30045,Jordan,Middle East,ME_CV,
MF000460,2018-10-15T00:00:00Z,Middle East respiratory syndrome-related coronavirus,30045,Jordan,Middle East,ME_CV,
MF000459,2018-10-15T00:00:00Z,Middle East respiratory syndrome-related coronavirus,30018,Jordan,Middle East,ME_CV,
MF000457,2018-10-15T00:00:00Z,Middle East respiratory syndrome-related coronavirus,30001,Jordan,Middle East,ME_CV,
KT861627,2016-10-02T00:00:00Z,Middle East respiratory syndrome-related coronavirus,30089,Jordan,Middle East,ME_CV,
KT861628,2016-10-02T00:00:00Z,Middle East respiratory syndrome-related coronavirus,30096,Jordan,Middle East,ME_CV,
KC776174,2013-03-25T00:00:00Z,Middle East respiratory syndrome-related coronavirus,30030,Jordan,Middle East,ME_CV,
MT066156,2020-03-09T00:00:00Z,Severe acute respiratory syndrome-related coronavirus,29867,Italy,Europe,SARS_CV2,
JX503061,2012-09-22T00:00:00Z,Human coronavirus 229E,27208,Italy,Europe,Human coronavirus 229E,
MT012098,2020-03-06T00:00:00Z,Severe acute respiratory syndrome-related coronavirus,29854,India,India,SARS_CV2,
MT050493,2020-03-06T00:00:00Z,Severe acute respiratory syndrome-related coronavirus,29851,India,India,SARS_CV2,
MF542265,2017-08-14T00:00:00Z,Human coronavirus 229E,27271,Haiti,South America,Human coronavirus 229E,
KX179498,2016-12-03T00:00:00Z,Human coronavirus NL63,2070,Haiti,South America,Human coronavirus NL63,
KX179497,2016-12-03T00:00:00Z,Human coronavirus NL63,2070,Haiti,South America,Human coronavirus NL63,
KX179494,2016-12-03T00:00:00Z,Human coronavirus NL63,4467,Haiti,South America,Human coronavirus NL63,
KX179495,2016-12-03T00:00:00Z,Human coronavirus NL63,4467,Haiti,South America,Human coronavirus NL63,
KX179499,2016-12-03T00:00:00Z,Human coronavirus NL63,2070,Haiti,South America,Human coronavirus NL63,
KX179496,2016-12-03T00:00:00Z,Human coronavirus NL63,4467,Haiti,South America,Human coronavirus NL63,
KT266906,2015-08-04T00:00:00Z,Human coronavirus NL63,27553,Haiti,South America,Human coronavirus NL63,
KU291448,2016-09-04T00:00:00Z,Human coronavirus 229E,27022,Germany,Europe,Human coronavirus 229E,
FJ415324,2008-11-18T00:00:00Z,Betacoronavirus 1,31029,Germany,Europe,Betacoronavirus 1,
KY014282,2017-11-04T00:00:00Z,Betacoronavirus 1,30659,France,Europe,Betacoronavirus 1,
KY014281,2017-11-04T00:00:00Z,Betacoronavirus 1,30602,France,Europe,Betacoronavirus 1,
KJ361500,2015-03-10T00:00:00Z,Middle East respiratory syndrome-related coronavirus,29267,France,Europe,ME_CV,
KJ361501,2015-03-10T00:00:00Z,Middle East respiratory syndrome-related coronavirus,29880,France,Europe,ME_CV,
KJ361502,2015-03-10T00:00:00Z,Middle East respiratory syndrome-related coronavirus,29783,France,Europe,ME_CV,
KJ361503,2015-03-10T00:00:00Z,Middle East respiratory syndrome-related coronavirus,30040,France,Europe,ME_CV,
KF745068,2013-12-07T00:00:00Z,Middle East respiratory syndrome-related coronavirus,29901,France,Europe,ME_CV,
HM034837,2010-09-15T00:00:00Z,Human coronavirus HKU1,29862,France,Europe,Human coronavirus HKU1,
MG977451,2018-07-02T00:00:00Z,Betacoronavirus 1,30722,Cote d'Ivoire,Africa,Betacoronavirus 1,
MG977452,2018-07-02T00:00:00Z,Betacoronavirus 1,30704,Cote d'Ivoire,Africa,Betacoronavirus 1,
NC_045512,2020-01-13T00:00:00Z,Severe acute respiratory syndrome-related coronavirus,29903,China,East Asia,SARS_CV2,
MT259227,2020-03-30T00:00:00Z,Severe acute respiratory syndrome-related coronavirus,29863,China,East Asia,SARS_CV2,
MT259226,2020-03-30T00:00:00Z,Severe acute respiratory syndrome-related coronavirus,29868,China,East Asia,SARS_CV2,
MT259228,2020-03-30T00:00:00Z,Severe acute respiratory syndrome-related coronavirus,29861,China,East Asia,SARS_CV2,
MT259229,2020-03-30T00:00:00Z,Severe acute respiratory syndrome-related coronavirus,29864,China,East Asia,SARS_CV2,
MT259230,2020-03-30T00:00:00Z,Severe acute respiratory syndrome-related coronavirus,29866,China,East Asia,SARS_CV2,
MT259231,2020-03-30T00:00:00Z,Severe acute respiratory syndrome-related coronavirus,29865,China,East Asia,SARS_CV2,
MT253708,2020-03-27T00:00:00Z,Severe acute respiratory syndrome-related coronavirus,29781,China,East Asia,SARS_CV2,
MT253709,2020-03-27T00:00:00Z,Severe acute respiratory syndrome-related coronavirus,29781,China,East Asia,SARS_CV2,
MT253696,2020-03-27T00:00:00Z,Severe acute respiratory syndrome-related coronavirus,29781,China,East Asia,SARS_CV2,
MT253697,2020-03-27T00:00:00Z,Severe acute respiratory syndrome-related coronavirus,29781,China,East Asia,SARS_CV2,
MT253703,2020-03-27T00:00:00Z,Severe acute respiratory syndrome-related coronavirus,29781,China,East Asia,SARS_CV2,
MT253704,2020-03-27T00:00:00Z,Severe acute respiratory syndrome-related coronavirus,29781,China,East Asia,SARS_CV2,
MT253705,2020-03-27T00:00:00Z,Severe acute respiratory syndrome-related coronavirus,29781,China,East Asia,SARS_CV2,
MT253706,2020-03-27T00:00:00Z,Severe acute respiratory syndrome-related coronavirus,29781,China,East Asia,SARS_CV2,
MT253707,2020-03-27T00:00:00Z,Severe acute respiratory syndrome-related coronavirus,29781,China,East Asia,SARS_CV2,
MT253700,2020-03-27T00:00:00Z,Severe acute respiratory syndrome-related coronavirus,29781,China,East Asia,SARS_CV2,
MT253701,2020-03-27T00:00:00Z,Severe acute respiratory syndrome-related coronavirus,29781,China,East Asia,SARS_CV2,
MT253698,2020-03-27T00:00:00Z,Severe acute respiratory syndrome-related coronavirus,29781,China,East Asia,SARS_CV2,
MT253699,2020-03-27T00:00:00Z,Severe acute respiratory syndrome-related coronavirus,29781,China,East Asia,SARS_CV2,
MT253710,2020-03-27T00:00:00Z,Severe acute respiratory syndrome-related coronavirus,29781,China,East Asia,SARS_CV2,
MT253702,2020-03-27T00:00:00Z,Severe acute respiratory syndrome-related coronavirus,29781,China,East Asia,SARS_CV2,
MT226610,2020-03-20T00:00:00Z,Severe acute respiratory syndrome-related coronavirus,29899,China,East Asia,SARS_CV2,
MT121215,2020-03-09T00:00:00Z,Severe acute respiratory syndrome-related coronavirus,29945,China,East Asia,SARS_CV2,
MT135041,2020-03-04T00:00:00Z,Severe acute respiratory syndrome-related coronavirus,29903,China,East Asia,SARS_CV2,
MT135042,2020-03-04T00:00:00Z,Severe acute respiratory syndrome-related coronavirus,29903,China,East Asia,SARS_CV2,
MT135043,2020-03-04T00:00:00Z,Severe acute respiratory syndrome-related coronavirus,29903,China,East Asia,SARS_CV2,
MT135044,2020-03-04T00:00:00Z,Severe acute respiratory syndrome-related coronavirus,29903,China,East Asia,SARS_CV2,
MT123293,2020-02-28T00:00:00Z,Severe acute respiratory syndrome-related coronavirus,29871,China,East Asia,SARS_CV2,
MT123290,2020-02-28T00:00:00Z,Severe acute respiratory syndrome-related coronavirus,29891,China,East Asia,SARS_CV2,
MT123291,2020-02-28T00:00:00Z,Severe acute respiratory syndrome-related coronavirus,29882,China,East Asia,SARS_CV2,
MT123292,2020-02-28T00:00:00Z,Severe acute respiratory syndrome-related coronavirus,29923,China,East Asia,SARS_CV2,
MT093631,2020-02-21T00:00:00Z,Severe acute respiratory syndrome-related coronavirus,29860,China,East Asia,SARS_CV2,
MT049951,2020-02-12T00:00:00Z,Severe acute respiratory syndrome-related coronavirus,29903,China,East Asia,SARS_CV2,
MT039873,2020-02-11T00:00:00Z,Severe acute respiratory syndrome-related coronavirus,29833,China,East Asia,SARS_CV2,
MT019529,2020-02-05T00:00:00Z,Severe acute respiratory syndrome-related coronavirus,29899,China,East Asia,SARS_CV2,
MT019531,2020-02-05T00:00:00Z,Severe acute respiratory syndrome-related coronavirus,29899,China,East Asia,SARS_CV2,
MT019530,2020-02-05T00:00:00Z,Severe acute respiratory syndrome-related coronavirus,29889,China,East Asia,SARS_CV2,
MT019533,2020-02-05T00:00:00Z,Severe acute respiratory syndrome-related coronavirus,29883,China,East Asia,SARS_CV2,
MT019532,2020-02-05T00:00:00Z,Severe acute respiratory syndrome-related coronavirus,29890,China,East Asia,SARS_CV2,
MN996527,2020-01-29T00:00:00Z,Severe acute respiratory syndrome-related coronavirus,29825,China,East Asia,SARS_CV2,
MN996528,2020-01-29T00:00:00Z,Severe acute respiratory syndrome-related coronavirus,29891,China,East Asia,SARS_CV2,
MN996529,2020-01-29T00:00:00Z,Severe acute respiratory syndrome-related coronavirus,29852,China,East Asia,SARS_CV2,
MN996530,2020-01-29T00:00:00Z,Severe acute respiratory syndrome-related coronavirus,29854,China,East Asia,SARS_CV2,
MN996531,2020-01-29T00:00:00Z,Severe acute respiratory syndrome-related coronavirus,29857,China,East Asia,SARS_CV2,
MN988669,2020-01-28T00:00:00Z,Severe acute respiratory syndrome-related coronavirus,29881,China,East Asia,SARS_CV2,
MN988668,2020-01-28T00:00:00Z,Severe acute respiratory syndrome-related coronavirus,29881,China,East Asia,SARS_CV2,
MN938384,2020-01-24T00:00:00Z,Severe acute respiratory syndrome-related coronavirus,29838,China,East Asia,SARS_CV2,
MN975262,2020-01-24T00:00:00Z,Severe acute respiratory syndrome-related coronavirus,29891,China,East Asia,SARS_CV2,
MN908947,2020-01-12T00:00:00Z,Severe acute respiratory syndrome-related coronavirus,29903,China,East Asia,SARS_CV2,
MK334047,2019-08-20T00:00:00Z,Human coronavirus NL63,27532,China,East Asia,Human coronavirus NL63,
MK334043,2019-08-20T00:00:00Z,Human coronavirus NL63,27516,China,East Asia,Human coronavirus NL63,
MK334044,2019-08-20T00:00:00Z,Human coronavirus NL63,27516,China,East Asia,Human coronavirus NL63,
MK334045,2019-08-20T00:00:00Z,Human coronavirus NL63,27544,China,East Asia,Human coronavirus NL63,
MK334046,2019-08-20T00:00:00Z,Human coronavirus NL63,27531,China,East Asia,Human coronavirus NL63,
KT779555,2016-03-09T00:00:00Z,Human coronavirus HKU1,29887,China,East Asia,Human coronavirus HKU1,
KT779556,2016-03-09T00:00:00Z,Human coronavirus HKU1,29887,China,East Asia,Human coronavirus HKU1,
KF923905,2015-08-31T00:00:00Z,Betacoronavirus 1,30722,China,East Asia,Betacoronavirus 1,
KF923899,2015-08-31T00:00:00Z,Betacoronavirus 1,30722,China,East Asia,Betacoronavirus 1,
KF923890,2015-08-31T00:00:00Z,Betacoronavirus 1,30713,China,East Asia,Betacoronavirus 1,
KF923892,2015-08-31T00:00:00Z,Betacoronavirus 1,30713,China,East Asia,Betacoronavirus 1,
KF923893,2015-08-31T00:00:00Z,Betacoronavirus 1,30713,China,East Asia,Betacoronavirus 1,
KF923911,2015-08-31T00:00:00Z,Betacoronavirus 1,30713,China,East Asia,Betacoronavirus 1,
KF923889,2015-08-31T00:00:00Z,Betacoronavirus 1,30719,China,East Asia,Betacoronavirus 1,
KF923887,2015-08-31T00:00:00Z,Betacoronavirus 1,30719,China,East Asia,Betacoronavirus 1,
KF923901,2015-08-31T00:00:00Z,Betacoronavirus 1,30713,China,East Asia,Betacoronavirus 1,
KF923902,2015-08-31T00:00:00Z,Betacoronavirus 1,30713,China,East Asia,Betacoronavirus 1,
KF923903,2015-08-31T00:00:00Z,Betacoronavirus 1,30713,China,East Asia,Betacoronavirus 1,
KF923886,2015-08-31T00:00:00Z,Betacoronavirus 1,30719,China,East Asia,Betacoronavirus 1,
KF923904,2015-08-31T00:00:00Z,Betacoronavirus 1,30713,China,East Asia,Betacoronavirus 1,
KF923907,2015-08-31T00:00:00Z,Betacoronavirus 1,30713,China,East Asia,Betacoronavirus 1,
KF923895,2015-08-31T00:00:00Z,Betacoronavirus 1,30731,China,East Asia,Betacoronavirus 1,
KF923898,2015-08-31T00:00:00Z,Betacoronavirus 1,30716,China,East Asia,Betacoronavirus 1,
KF923894,2015-08-31T00:00:00Z,Betacoronavirus 1,30713,China,East Asia,Betacoronavirus 1,
KF923897,2015-08-31T00:00:00Z,Betacoronavirus 1,30711,China,East Asia,Betacoronavirus 1,
KF923921,2015-08-31T00:00:00Z,Betacoronavirus 1,30713,China,East Asia,Betacoronavirus 1,
KF923909,2015-08-31T00:00:00Z,Betacoronavirus 1,30713,China,East Asia,Betacoronavirus 1,
KF923910,2015-08-31T00:00:00Z,Betacoronavirus 1,30713,China,East Asia,Betacoronavirus 1,
KF923915,2015-08-31T00:00:00Z,Betacoronavirus 1,30713,China,East Asia,Betacoronavirus 1,
KF923916,2015-08-31T00:00:00Z,Betacoronavirus 1,30713,China,East Asia,Betacoronavirus 1,
KF923919,2015-08-31T00:00:00Z,Betacoronavirus 1,30713,China,East Asia,Betacoronavirus 1,
KF923922,2015-08-31T00:00:00Z,Betacoronavirus 1,30713,China,East Asia,Betacoronavirus 1,
KF923923,2015-08-31T00:00:00Z,Betacoronavirus 1,30713,China,East Asia,Betacoronavirus 1,
KF923924,2015-08-31T00:00:00Z,Betacoronavirus 1,30713,China,East Asia,Betacoronavirus 1,
KF923925,2015-08-31T00:00:00Z,Betacoronavirus 1,30713,China,East Asia,Betacoronavirus 1,
KF923917,2015-08-31T00:00:00Z,Betacoronavirus 1,30713,China,East Asia,Betacoronavirus 1,
KF923908,2015-08-31T00:00:00Z,Betacoronavirus 1,30713,China,East Asia,Betacoronavirus 1,
KF923912,2015-08-31T00:00:00Z,Betacoronavirus 1,30713,China,East Asia,Betacoronavirus 1,
KF923913,2015-08-31T00:00:00Z,Betacoronavirus 1,30713,China,East Asia,Betacoronavirus 1,
KF923914,2015-08-31T00:00:00Z,Betacoronavirus 1,30713,China,East Asia,Betacoronavirus 1,
KF923918,2015-08-31T00:00:00Z,Betacoronavirus 1,30713,China,East Asia,Betacoronavirus 1,
KF923920,2015-08-31T00:00:00Z,Betacoronavirus 1,30713,China,East Asia,Betacoronavirus 1,
KT006149,2015-06-05T00:00:00Z,Middle East respiratory syndrome-related coronavirus,30114,China,East Asia,ME_CV,
KF923891,2015-02-06T00:00:00Z,Betacoronavirus 1,30713,China,East Asia,Betacoronavirus 1,
KF923888,2015-02-06T00:00:00Z,Betacoronavirus 1,30719,China,East Asia,Betacoronavirus 1,
KF923900,2015-02-06T00:00:00Z,Betacoronavirus 1,30722,China,East Asia,Betacoronavirus 1,
KF923906,2015-02-06T00:00:00Z,Betacoronavirus 1,30737,China,East Asia,Betacoronavirus 1,
KF923896,2015-02-06T00:00:00Z,Betacoronavirus 1,30737,China,East Asia,Betacoronavirus 1,
KP198611,2015-01-12T00:00:00Z,Betacoronavirus 1,30752,China,East Asia,Betacoronavirus 1,
KP198610,2015-01-12T00:00:00Z,Betacoronavirus 1,30752,China,East Asia,Betacoronavirus 1,
KJ958218,2014-11-19T00:00:00Z,Betacoronavirus 1,30714,China,East Asia,Betacoronavirus 1,
KJ958219,2014-11-19T00:00:00Z,Betacoronavirus 1,30714,China,East Asia,Betacoronavirus 1,
JX524171,2012-09-02T00:00:00Z,Human coronavirus NL63,27538,China,East Asia,Human coronavirus NL63,
JX104161,2012-08-01T00:00:00Z,Human coronavirus NL63,27538,China,East Asia,Human coronavirus NL63,
JN129835,2011-10-17T00:00:00Z,Betacoronavirus 1,30722,China,East Asia,Betacoronavirus 1,
JN129834,2011-10-17T00:00:00Z,Betacoronavirus 1,30710,China,East Asia,Betacoronavirus 1,
GU553363,2010-02-08T00:00:00Z,Severe acute respiratory syndrome-related coronavirus,29644,China,East Asia,SARS_CV2,
GU553364,2010-02-08T00:00:00Z,Severe acute respiratory syndrome-related coronavirus,29644,China,East Asia,SARS_CV2,
DQ640652,2006-06-12T00:00:00Z,Severe acute respiratory syndrome-related coronavirus,29746,China,East Asia,SARS_CV2,
AY274119,2003-04-14T00:00:00Z,Severe acute respiratory syndrome-related coronavirus,29751,Canada,Canada,SARS_CV2,
MT126808,2020-03-02T00:00:00Z,Severe acute respiratory syndrome-related coronavirus,29876,Brazil,South America,SARS_CV2,
MT007544,2020-01-31T00:00:00Z,Severe acute respiratory syndrome-related coronavirus,29893,Australia,Australia,SARS_CV2,
NC_019843,2012-12-13T00:00:00Z,Middle East respiratory syndrome-related coronavirus,30119,,#N/A,ME_CV,
NC_006577,2004-12-28T00:00:00Z,Human coronavirus HKU1,29926,,#N/A,Human coronavirus HKU1,
JX869059,2012-09-27T00:00:00Z,Middle East respiratory syndrome-related coronavirus,30119,,#N/A,ME_CV,
FJ938067,2009-07-11T00:00:00Z,Betacoronavirus 1,30953,,#N/A,Betacoronavirus 1,
AY597011,2004-12-21T00:00:00Z,Human coronavirus HKU1,29926,,#N/A,Human coronavirus HKU1,
